date,open,high,low,close,volume,ticker,daily_return,volume_change,volume_ma_20,volume_spike_ratio,price_range_pct,close_ma_20,price_gap_ma_20,rolling_volatility_20,return_zscore_20,volume_zscore_20,anomaly_label,is_anomaly,anomaly_score,anomaly_reason
2023-05-31,110.0,147.0,104.0,147.0,66010808800,GOTO,0.3486238532110091,10.52358900042653,7466446645.0,8.84099384065176,0.2925170068027211,113.25,0.2980132450331126,0.0855718109490008,3.829745008053345,4.231750533603077,-1,True,0.19469845415163267,Volume 8.8x lebih tinggi dari rata-rata 20 hari; Return harian bergerak 34.86%; Range harga harian sebesar 29.25%; Harga menyimpang 29.80% dari MA 20 hari; Return z-score mencapai 3.83; Volume z-score mencapai 4.23
2024-11-29,2070.0,2210.0,2070.0,2080.0,1047877300,ADRO,-0.2463768115942028,51.20696406863429,187379120.0,5.592284241702064,0.0673076923076923,3678.0,-0.4344752582925503,0.0806011313708775,-2.7624817743181342,3.860074316031976,-1,True,0.19294305101711717,Volume 5.6x lebih tinggi dari rata-rata 20 hari; Return harian bergerak -24.64%; Range harga harian sebesar 6.73%; Harga menyimpang -43.45% dari MA 20 hari; Return z-score mencapai -2.76; Volume z-score mencapai 3.86
2025-02-28,1200.0,1210.0,1015.0,1015.0,785826000,UNVR,-0.1541666666666666,11.266035226612887,76614960.0,10.256821905278027,0.1921182266009852,1378.25,-0.2635588608742971,0.0483776388553554,-2.7270911281489587,4.170044405856703,-1,True,0.18239495917468052,Volume 10.3x lebih tinggi dari rata-rata 20 hari; Return harian bergerak -15.42%; Range harga harian sebesar 19.21%; Harga menyimpang -26.36% dari MA 20 hari; Return z-score mencapai -2.73; Volume z-score mencapai 4.17
2023-02-15,1390.0,1610.0,1370.0,1610.0,252738300,BRIS,0.1582733812949639,6.538823382023511,41371925.0,6.108932567193816,0.1490683229813664,1369.5,0.1756115370573202,0.0397290526779695,3.74363532002776,3.92846125829822,-1,True,0.17412211077178852,Volume 6.1x lebih tinggi dari rata-rata 20 hari; Return harian bergerak 15.83%; Range harga harian sebesar 14.91%; Harga menyimpang 17.56% dari MA 20 hari; Return z-score mencapai 3.74; Volume z-score mencapai 3.93
2026-06-08,2620.0,2650.0,2350.0,2350.0,331947700,TLKM,-0.1485507246376811,2.160193754206719,154302440.0,2.1512796557202853,0.1276595744680851,2950.5,-0.203524826300627,0.0404694075246267,-3.40771764077442,0.9749272882408324,-1,True,0.15931466751193013,Return harian bergerak -14.86%; Range harga harian sebesar 12.77%; Harga menyimpang -20.35% dari MA 20 hari; Return z-score mencapai -3.41
2025-02-06,5425.0,5425.0,5000.0,5100.0,642118700,BMRI,-0.0769230769230768,2.4586477140517946,146749325.0,4.375616037756902,0.0833333333333333,5792.5,-0.119551143720328,0.0289940626775714,-2.4831983778860263,4.018422830707649,-1,True,0.1579915324315152,Volume 4.4x lebih tinggi dari rata-rata 20 hari; Return harian bergerak -7.69%; Range harga harian sebesar 8.33%; Harga menyimpang -11.96% dari MA 20 hari; Return z-score mencapai -2.48; Volume z-score mencapai 4.02
2026-01-28,3800.0,3800.0,3390.0,3470.0,439277400,TLKM,-0.1192893401015228,1.7165390266708225,109398090.0,4.015402828330915,0.1181556195965417,3605.0,-0.0374479889042995,0.0325822262504788,-3.6819811751486,3.8864631160789056,-1,True,0.1576095687718554,Volume 4.0x lebih tinggi dari rata-rata 20 hari; Return harian bergerak -11.93%; Range harga harian sebesar 11.82%; Return z-score mencapai -3.68; Volume z-score mencapai 3.89
2024-05-02,6800.0,6800.0,6050.0,6325.0,501849300,BMRI,-0.0833333333333333,1.641433055092523,125120715.0,4.01092097339757,0.1185770750988142,6855.0,-0.0773158278628738,0.027106604894145,-2.836596664192738,3.8564822084585257,-1,True,0.15510008684453203,Volume 4.0x lebih tinggi dari rata-rata 20 hari; Return harian bergerak -8.33%; Range harga harian sebesar 11.86%; Return z-score mencapai -2.84; Volume z-score mencapai 3.86
2026-01-28,7050.0,7400.0,6925.0,7025.0,1027287500,BBCA,-0.0633333333333333,2.9536771800428663,181055795.0,5.673872520898875,0.0676156583629893,7908.75,-0.111743322269638,0.0180077817803826,-3.1574987454224965,3.981592026150477,-1,True,0.15414991195633632,Volume 5.7x lebih tinggi dari rata-rata 20 hari; Return harian bergerak -6.33%; Range harga harian sebesar 6.76%; Harga menyimpang -11.17% dari MA 20 hari; Return z-score mencapai -3.16; Volume z-score mencapai 3.98
2026-01-28,4570.0,4810.0,4410.0,4560.0,643802800,BMRI,-0.0519750519750519,3.0082206142923136,162342220.0,3.96571390978884,0.087719298245614,4912.25,-0.07170848389231,0.0171759437096632,-2.7379578889990963,3.732725965653229,-1,True,0.14671569013414587,Volume 4.0x lebih tinggi dari rata-rata 20 hari; Return harian bergerak -5.20%; Range harga harian sebesar 8.77%; Return z-score mencapai -2.74; Volume z-score mencapai 3.73
2025-04-08,7400.0,8000.0,7275.0,7775.0,533073600,BBCA,-0.0852941176470588,3.335909304975684,193119755.0,2.760326617025793,0.0932475884244373,8577.5,-0.0935587292334596,0.0318130090872192,-2.5705493572810423,2.6488868395227407,-1,True,0.14482970845999343,Return harian bergerak -8.53%; Range harga harian sebesar 9.32%; Harga menyimpang -9.36% dari MA 20 hari; Return z-score mencapai -2.57; Volume z-score mencapai 2.65
2026-01-28,3630.0,3780.0,3540.0,3590.0,726740400,BBRI,-0.0602094240837696,3.610325743561636,238883085.0,3.042243028634698,0.0668523676880222,3743.5,-0.0410044076399091,0.0176492833301445,-3.281598678294248,3.607302963883179,-1,True,0.14440245984749556,Volume 3.0x lebih tinggi dari rata-rata 20 hari; Return harian bergerak -6.02%; Range harga harian sebesar 6.69%; Return z-score mencapai -3.28; Volume z-score mencapai 3.61
2025-02-28,1430.0,1565.0,1400.0,1400.0,1033685100,MDKA,-0.0378006872852233,16.795494336933114,104234585.0,9.91691097537348,0.1178571428571428,1587.0,-0.1178323881537492,0.0551330716496242,-0.611037055552223,4.212945678205951,-1,True,0.14321156682992842,Volume 9.9x lebih tinggi dari rata-rata 20 hari; Range harga harian sebesar 11.79%; Harga menyimpang -11.78% dari MA 20 hari; Volume z-score mencapai 4.21
2025-07-31,1570.0,1740.0,1525.0,1710.0,213621800,UNVR,0.1176470588235294,12.317984301843504,30909805.0,6.911133861892691,0.1257309941520467,1562.75,0.094224924012158,0.0331361737455015,3.4301130412234957,4.164926226183636,-1,True,0.14236291935207313,Volume 6.9x lebih tinggi dari rata-rata 20 hari; Return harian bergerak 11.76%; Range harga harian sebesar 12.57%; Harga menyimpang 9.42% dari MA 20 hari; Return z-score mencapai 3.43; Volume z-score mencapai 4.16
2025-04-25,1530.0,1865.0,1530.0,1750.0,238892100,UNVR,0.1705685618729098,2.0879453690921217,53057010.0,4.50255489331193,0.1914285714285714,1331.0,0.3148009015777611,0.0528401336507203,2.9642317949517323,3.8537035193238713,-1,True,0.1413759538237387,Volume 4.5x lebih tinggi dari rata-rata 20 hari; Return harian bergerak 17.06%; Range harga harian sebesar 19.14%; Harga menyimpang 31.48% dari MA 20 hari; Return z-score mencapai 2.96; Volume z-score mencapai 3.85
2025-04-17,1440.0,1745.0,1440.0,1645.0,371332900,MDKA,0.1625441696113074,3.690761799132418,100726840.0,3.686533797744474,0.1854103343465045,1368.75,0.2018264840182648,0.0811530494561497,1.8234589964893215,3.4186238879690536,-1,True,0.14009492371182963,Volume 3.7x lebih tinggi dari rata-rata 20 hari; Return harian bergerak 16.25%; Range harga harian sebesar 18.54%; Harga menyimpang 20.18% dari MA 20 hari; Volume z-score mencapai 3.42
2025-02-28,3500.0,3540.0,3360.0,3360.0,1000597600,BBRI,-0.0743801652892561,1.434970603122688,335585890.0,2.9816438349061696,0.0535714285714285,3952.0,-0.1497975708502024,0.0285557569300005,-2.2217476119062844,3.653342495621028,-1,True,0.12793517395468446,Return harian bergerak -7.44%; Range harga harian sebesar 5.36%; Harga menyimpang -14.98% dari MA 20 hari; Return z-score mencapai -2.22; Volume z-score mencapai 3.65
2025-10-24,2260.0,2700.0,2250.0,2530.0,267179900,UNVR,0.1194690265486726,1.0544429903006387,53481710.0,4.995724706633352,0.1778656126482213,1933.25,0.3086770981507823,0.0460587082716041,2.2183554036560573,3.653030012082231,-1,True,0.12711354908257477,Volume 5.0x lebih tinggi dari rata-rata 20 hari; Return harian bergerak 11.95%; Range harga harian sebesar 17.79%; Harga menyimpang 30.87% dari MA 20 hari; Return z-score mencapai 2.22; Volume z-score mencapai 3.65
2023-12-11,109.0,110.0,82.0,86.0,34077962600,GOTO,-0.2037037037037037,1.6164525632245632,9049971520.0,3.765532579267167,0.3255813953488372,92.7,-0.0722761596548004,0.0792264104630344,-2.663846370645812,3.2893900718449536,-1,True,0.12607057474906613,Volume 3.8x lebih tinggi dari rata-rata 20 hari; Return harian bergerak -20.37%; Range harga harian sebesar 32.56%; Return z-score mencapai -2.66; Volume z-score mencapai 3.29
2026-05-08,3200.0,3240.0,2720.0,2780.0,306091600,MDKA,-0.1312499999999999,2.487420559597677,58712030.0,5.21343922191074,0.1870503597122302,3270.5,-0.1499770677266473,0.0362001160468524,-3.4374658096328807,3.996604397600819,-1,True,0.12563785123498106,Volume 5.2x lebih tinggi dari rata-rata 20 hari; Return harian bergerak -13.12%; Range harga harian sebesar 18.71%; Harga menyimpang -15.00% dari MA 20 hari; Return z-score mencapai -3.44; Volume z-score mencapai 4.00
2023-05-31,9300.0,9325.0,9050.0,9050.0,722827900,BBCA,-0.0216216216216216,6.437304441323394,108804580.0,6.643359130654242,0.0303867403314917,8972.5,0.0086375034828643,0.0110189828236453,-1.9674406391602632,4.20680453278149,-1,True,0.12507992860745998,Volume 6.6x lebih tinggi dari rata-rata 20 hari; Volume z-score mencapai 4.21
2026-01-29,6675.0,7275.0,6375.0,7200.0,1432993400,BBCA,0.0249110320284697,0.3949292676100897,248785495.0,5.759955579403855,0.125,7867.5,-0.0848427073403241,0.0192946580525075,1.5620523203344652,3.3864914255647744,-1,True,0.1230623729571676,Volume 5.8x lebih tinggi dari rata-rata 20 hari; Range harga harian sebesar 12.50%; Harga menyimpang -8.48% dari MA 20 hari; Volume z-score mencapai 3.39
2025-05-16,1945.0,2200.0,1920.0,2150.0,287980400,ADRO,0.1227154046997389,2.968880754579684,77888855.0,3.6973248611755816,0.1302325581395348,1882.0,0.1424017003188097,0.0304267796978039,3.6936653491932265,3.78333682895982,-1,True,0.12186736550078903,Volume 3.7x lebih tinggi dari rata-rata 20 hari; Return harian bergerak 12.27%; Range harga harian sebesar 13.02%; Harga menyimpang 14.24% dari MA 20 hari; Return z-score mencapai 3.69; Volume z-score mencapai 3.78
2025-10-21,2970.0,3290.0,2970.0,3280.0,223104600,TLKM,0.1156462585034012,1.3232971603458528,75412385.0,2.9584610008024543,0.0975609756097561,3048.0,0.0761154855643044,0.0324599763042271,3.5051195607089385,3.438618475112016,-1,True,0.11963326899543725,Return harian bergerak 11.56%; Range harga harian sebesar 9.76%; Return z-score mencapai 3.51; Volume z-score mencapai 3.44
2023-11-22,2410.0,2430.0,2080.0,2100.0,158826000,MDKA,-0.125,4.425070791049415,40393715.0,3.93194832413904,0.1666666666666666,2349.5,-0.1061928069802085,0.041845204583629,-2.8390025032823223,3.746555111333816,-1,True,0.11766785285994019,Volume 3.9x lebih tinggi dari rata-rata 20 hari; Return harian bergerak -12.50%; Range harga harian sebesar 16.67%; Harga menyimpang -10.62% dari MA 20 hari; Return z-score mencapai -2.84; Volume z-score mencapai 3.75
2024-07-17,50.0,52.0,50.0,51.0,9198716900,GOTO,0.02,76.06945177544192,2097070130.0,4.386461267272926,0.0392156862745098,50.1,0.0179640718562873,0.0078259874420503,2.4253031706743906,2.473947194751642,-1,True,0.11728148611289846,Volume 4.4x lebih tinggi dari rata-rata 20 hari; Return z-score mencapai 2.43; Volume z-score mencapai 2.47
2025-03-03,985.0,1215.0,985.0,1125.0,505933700,UNVR,0.1083743842364532,-0.3561759218961958,101306195.0,4.994104259862884,0.2044444444444444,1355.5,-0.1700479527849502,0.056423571177634,2.1916081711217887,2.0821497752011107,-1,True,0.11633896094173468,Volume 5.0x lebih tinggi dari rata-rata 20 hari; Return harian bergerak 10.84%; Range harga harian sebesar 20.44%; Harga menyimpang -17.00% dari MA 20 hari; Return z-score mencapai 2.19; Volume z-score mencapai 2.08
2024-09-12,3920.0,4050.0,3800.0,3850.0,531570400,ADRO,0.09375,5.536909896050458,91261515.0,5.8246940125857,0.0649350649350649,3484.0,0.1050516647531572,0.0237715002752481,3.5488431126390463,4.12647931370805,-1,True,0.1158953990508188,Volume 5.8x lebih tinggi dari rata-rata 20 hari; Return harian bergerak 9.38%; Range harga harian sebesar 6.49%; Harga menyimpang 10.51% dari MA 20 hari; Return z-score mencapai 3.55; Volume z-score mencapai 4.13
2026-06-09,2540.0,2800.0,2540.0,2790.0,873192700,BBRI,0.0772200772200772,0.3929215321754482,301130935.0,2.8997110509420096,0.0931899641577061,2999.5,-0.0698449741623604,0.0311288804795392,2.685485079729232,2.003683663674771,-1,True,0.11543816597206624,Return harian bergerak 7.72%; Range harga harian sebesar 9.32%; Return z-score mencapai 2.69; Volume z-score mencapai 2.00
2025-10-21,8100.0,8475.0,8100.0,8475.0,529802600,BBCA,0.0761904761904761,0.3466528799370041,172442160.0,3.0723495924662507,0.0442477876106194,7570.0,0.1195508586525759,0.0252867711516112,2.8558973836341743,3.1892837760546344,-1,True,0.11455340303036599,Volume 3.1x lebih tinggi dari rata-rata 20 hari; Return harian bergerak 7.62%; Harga menyimpang 11.96% dari MA 20 hari; Return z-score mencapai 2.86; Volume z-score mencapai 3.19
2023-05-31,4120.0,4160.0,4040.0,4040.0,1155861400,TLKM,-0.0194174757281553,13.645116167688949,164649240.0,7.020144156146728,0.0297029702970297,4081.0,-0.0100465572163685,0.0143024551077997,-1.2371080287287022,4.1779319639933705,-1,True,0.11441506267333323,Volume 7.0x lebih tinggi dari rata-rata 20 hari; Volume z-score mencapai 4.18
2025-04-08,3460.0,3750.0,3450.0,3640.0,734807100,BBRI,-0.1012345679012345,1.2780958303932497,374515540.0,1.9620203209725289,0.0824175824175824,3780.5,-0.037164396243883,0.0415493378181231,-2.552870029777469,2.103249560996137,-1,True,0.11319919337242224,Return harian bergerak -10.12%; Range harga harian sebesar 8.24%; Return z-score mencapai -2.55; Volume z-score mencapai 2.10
2024-11-28,2760.0,2760.0,2760.0,2760.0,20071600,ADRO,-0.2479564032697547,-0.9293158445959984,137660645.0,0.1458049248570642,0.0,3755.0,-0.2649800266311584,0.0612536031906685,-3.857452477473249,-1.23509236155555,-1,True,0.1114829022518361,Return harian bergerak -24.80%; Harga menyimpang -26.50% dari MA 20 hari; Return z-score mencapai -3.86
2023-05-31,5575.0,5575.0,5375.0,5575.0,898453700,BBRI,0.0136363636363636,12.337455762196573,180873355.0,4.967308203024155,0.0358744394618834,5316.25,0.04867152598166,0.014820477295549,0.6450446906657571,4.069844116431419,-1,True,0.11141059502802309,Volume 5.0x lebih tinggi dari rata-rata 20 hari; Volume z-score mencapai 4.07
2024-12-09,2310.0,2700.0,2310.0,2680.0,509279500,ADRO,0.1652173913043477,2.3328370633205635,223705340.0,2.2765638942727078,0.1455223880597015,3219.5,-0.1675726044416834,0.0935222616749884,1.9064401184953887,1.214976812671528,-1,True,0.10878743678205438,Return harian bergerak 16.52%; Range harga harian sebesar 14.55%; Harga menyimpang -16.76% dari MA 20 hari
2026-06-10,5175.0,5700.0,5175.0,5650.0,747366000,BBCA,0.0970873786407766,-0.0330341131688787,339297660.0,2.202685394293612,0.0929203539823008,5771.25,-0.0210093134069742,0.0378768662577167,2.6518648191924354,1.3891406982109695,-1,True,0.10815680477744893,Return harian bergerak 9.71%; Range harga harian sebesar 9.29%; Return z-score mencapai 2.65
2023-03-17,3850.0,3910.0,3770.0,3890.0,1278476400,MDKA,0.0103896103896103,7.450261510182472,128441075.0,9.953797101122053,0.0359897172236503,4299.5,-0.0952436329805791,0.0240059242390448,0.8351309584789536,4.216289815691669,-1,True,0.10806486133799431,Volume 10.0x lebih tinggi dari rata-rata 20 hari; Harga menyimpang -9.52% dari MA 20 hari; Volume z-score mencapai 4.22
2023-03-17,119.0,121.0,113.0,116.0,58034016600,GOTO,-0.0085470085470085,18.597109094617466,6011170235.0,9.654362516985014,0.0689655172413793,122.0,-0.0491803278688524,0.0233901251351987,-0.2171156472019564,4.2312698005716,-1,True,0.10799018295504681,Volume 9.7x lebih tinggi dari rata-rata 20 hari; Range harga harian sebesar 6.90%; Volume z-score mencapai 4.23
2025-04-08,4500.0,4830.0,4500.0,4670.0,738455000,BMRI,-0.1019230769230769,1.453132676887956,268582420.0,2.749453966495648,0.0706638115631691,4763.0,-0.0195255091328994,0.0419384670306112,-2.468319451195802,2.941679653022743,-1,True,0.10673301954068892,Return harian bergerak -10.19%; Range harga harian sebesar 7.07%; Return z-score mencapai -2.47; Volume z-score mencapai 2.94
2024-02-12,3170.0,3170.0,2920.0,2920.0,82247100,UNVR,-0.1070336391437308,5.680510092190229,18133650.0,4.5356064554019735,0.0856164383561643,3210.5,-0.0904843482323625,0.0287838896337854,-3.464466094316834,3.9097097343712814,-1,True,0.10463872543905195,Volume 4.5x lebih tinggi dari rata-rata 20 hari; Return harian bergerak -10.70%; Range harga harian sebesar 8.56%; Harga menyimpang -9.05% dari MA 20 hari; Return z-score mencapai -3.46; Volume z-score mencapai 3.91
2024-12-02,2090.0,2380.0,2090.0,2310.0,517878000,ADRO,0.1105769230769231,-0.5057837401382776,205970060.0,2.514336306937037,0.1255411255411255,3604.0,-0.3590455049944506,0.0846887407392903,1.5481845316106202,1.3301035430460113,-1,True,0.10082902933314586,Return harian bergerak 11.06%; Range harga harian sebesar 12.55%; Harga menyimpang -35.90% dari MA 20 hari
2026-04-24,6400.0,6425.0,6050.0,6050.0,435004800,BBCA,-0.0583657587548638,3.535391300902689,148285425.0,2.9335641044964467,0.0619834710743801,6516.25,-0.0715518895070017,0.024827717439107,-2.106107450252072,3.2490300443220006,-1,True,0.10072507760015537,Return harian bergerak -5.84%; Range harga harian sebesar 6.20%; Return z-score mencapai -2.11; Volume z-score mencapai 3.25
2025-08-12,3860.0,4050.0,3830.0,4050.0,404797800,BBRI,0.062992125984252,1.8274340826400333,146259640.0,2.767665775739637,0.0543209876543209,3822.5,0.0595160235448005,0.0217690053771381,2.7849037711877216,3.394805356208447,-1,True,0.09973687021976485,Return harian bergerak 6.30%; Range harga harian sebesar 5.43%; Return z-score mencapai 2.78; Volume z-score mencapai 3.39
2026-05-22,2180.0,2720.0,2180.0,2720.0,315769700,MDKA,0.2477064220183487,1.3238523130363111,105538560.0,2.991984161997283,0.1985294117647058,2931.5,-0.0721473648302916,0.0721972451818766,3.548759643331396,1.9760049484326647,-1,True,0.09945207515582233,Return harian bergerak 24.77%; Range harga harian sebesar 19.85%; Return z-score mencapai 3.55
2024-05-13,2540.0,2550.0,2230.0,2300.0,172382700,BRIS,-0.094488188976378,0.960743655948224,46478080.0,3.708903207705654,0.1391304347826087,2586.0,-0.1105955143078113,0.0418765923317585,-2.090186929141672,3.483410953613161,-1,True,0.09910227124770943,Volume 3.7x lebih tinggi dari rata-rata 20 hari; Return harian bergerak -9.45%; Range harga harian sebesar 13.91%; Harga menyimpang -11.06% dari MA 20 hari; Return z-score mencapai -2.09; Volume z-score mencapai 3.48
2026-01-29,4420.0,4640.0,4070.0,4630.0,907054600,BMRI,0.0153508771929824,0.4089012971052626,204910075.0,4.426598350520344,0.1231101511879049,4890.0,-0.0531697341513292,0.0176425091882281,1.1210933359287094,3.37350856308734,-1,True,0.09859417008578364,Volume 4.4x lebih tinggi dari rata-rata 20 hari; Range harga harian sebesar 12.31%; Volume z-score mencapai 3.37
2025-04-08,2050.0,2300.0,2050.0,2290.0,409973200,TLKM,-0.0497925311203319,2.404776299879081,140486510.0,2.9182389113374656,0.1091703056768559,2394.0,-0.0434419381787802,0.0219075623751785,-2.224277099698848,3.504793527945849,-1,True,0.09764701231259709,Range harga harian sebesar 10.92%; Return z-score mencapai -2.22; Volume z-score mencapai 3.50
2026-01-07,3490.0,3930.0,3480.0,3850.0,607319400,ANTM,0.1159420289855073,2.130050930635999,183503875.0,3.309572618016922,0.1168831168831168,3141.0,0.2257242916268704,0.0347357601218063,2.911137349320496,3.232538362349022,-1,True,0.09764507974602621,Volume 3.3x lebih tinggi dari rata-rata 20 hari; Return harian bergerak 11.59%; Range harga harian sebesar 11.69%; Harga menyimpang 22.57% dari MA 20 hari; Return z-score mencapai 2.91; Volume z-score mencapai 3.23
2025-04-09,1220.0,1225.0,1040.0,1040.0,186799500,MDKA,-0.1475409836065574,2.52188741996546,75465680.0,2.4752907546847784,0.1778846153846154,1379.25,-0.2459670110567337,0.0586900684296431,-2.2203111163826144,3.045656444059781,-1,True,0.09724977898875031,Return harian bergerak -14.75%; Range harga harian sebesar 17.79%; Harga menyimpang -24.60% dari MA 20 hari; Return z-score mencapai -2.22; Volume z-score mencapai 3.05
2025-03-20,2430.0,2440.0,2170.0,2180.0,120690300,BRIS,-0.0991735537190082,2.5653287485487914,38771230.0,3.1128829289140425,0.1238532110091743,2616.0,-0.1666666666666666,0.0375520685986651,-2.268466037546156,2.9106200792029853,-1,True,0.09655987238717056,Volume 3.1x lebih tinggi dari rata-rata 20 hari; Return harian bergerak -9.92%; Range harga harian sebesar 12.39%; Harga menyimpang -16.67% dari MA 20 hari; Return z-score mencapai -2.27; Volume z-score mencapai 2.91
2025-08-13,3220.0,3420.0,3210.0,3360.0,465722400,TLKM,0.0566037735849056,1.14019166592374,110010680.0,4.233428972532485,0.0625,2932.5,0.1457800511508951,0.0220316264955855,2.017080334668613,3.689506328170368,-1,True,0.09315002092981872,Volume 4.2x lebih tinggi dari rata-rata 20 hari; Return harian bergerak 5.66%; Range harga harian sebesar 6.25%; Harga menyimpang 14.58% dari MA 20 hari; Return z-score mencapai 2.02; Volume z-score mencapai 3.69
2026-01-29,3550.0,3780.0,3290.0,3780.0,781321200,BBRI,0.052924791086351,0.0751035720595689,266046070.0,2.936789105736461,0.1296296296296296,3743.5,0.00975023373848,0.0215412495374928,2.4465960839330667,2.8365024800889747,-1,True,0.09268072273688888,Return harian bergerak 5.29%; Range harga harian sebesar 12.96%; Return z-score mencapai 2.45; Volume z-score mencapai 2.84
2025-03-03,3520.0,3740.0,3470.0,3670.0,744626800,BBRI,0.0922619047619046,-0.2558179232090902,361802940.0,2.0581004676191963,0.0735694822888283,3923.0,-0.0644914606168748,0.036602351226714,2.7031252629589555,1.9018649826064984,-1,True,0.09071759662050483,Return harian bergerak 9.23%; Range harga harian sebesar 7.36%; Return z-score mencapai 2.70
2023-05-31,4540.0,4580.0,4500.0,4530.0,221662700,UNVR,-0.0022026431718061,14.716634641973382,23078270.0,9.60482306516043,0.0176600441501103,4456.0,0.0166068222621184,0.0141451741377673,-0.26535772319908,4.216543151945766,-1,True,0.09019851918361244,Volume 9.6x lebih tinggi dari rata-rata 20 hari; Volume z-score mencapai 4.22
2023-05-31,5175.0,5200.0,5050.0,5050.0,393735900,BMRI,-0.0194174757281553,7.02133190455139,97779945.0,4.026755179704796,0.0297029702970297,5105.75,-0.0109190618420408,0.0135218823849043,-1.2989271294138696,3.872312338446612,-1,True,0.08955858994193988,Volume 4.0x lebih tinggi dari rata-rata 20 hari; Volume z-score mencapai 3.87
2024-03-25,3890.0,3890.0,3700.0,3730.0,313394400,TLKM,-0.0435897435897435,6.042301754764424,106913125.0,2.931299594881358,0.0509383378016085,3935.0,-0.0520965692503176,0.0138966584941952,-2.812666086145843,3.4312100918101303,-1,True,0.08913191319944402,Range harga harian sebesar 5.09%; Return z-score mencapai -2.81; Volume z-score mencapai 3.43
2025-08-26,1740.0,1780.0,1715.0,1735.0,957667000,ADRO,-0.0028735632183908,6.58982166434983,105828370.0,9.049246435525747,0.0374639769452449,1830.5,-0.0521715378311936,0.0163921329914476,0.1330098769586439,4.188902425506736,-1,True,0.08894879914529608,Volume 9.0x lebih tinggi dari rata-rata 20 hari; Volume z-score mencapai 4.19
2025-10-08,1650.0,1850.0,1625.0,1850.0,324208100,ADRO,0.1212121212121211,2.5592648907381284,98352005.0,3.296405599458801,0.1216216216216216,1690.25,0.0945126460582754,0.0327875317172553,3.5393777425888517,3.1168945207300043,-1,True,0.08877368667956198,Volume 3.3x lebih tinggi dari rata-rata 20 hari; Return harian bergerak 12.12%; Range harga harian sebesar 12.16%; Harga menyimpang 9.45% dari MA 20 hari; Return z-score mencapai 3.54; Volume z-score mencapai 3.12
2024-04-26,5050.0,5100.0,4830.0,4830.0,782589900,BBRI,-0.0621359223300971,0.6332166665379722,288097705.0,2.716404492010792,0.0559006211180124,5642.75,-0.1440343803996278,0.024259768144264,-2.0946789131029155,2.6453085463859307,-1,True,0.08806902223127011,Return harian bergerak -6.21%; Range harga harian sebesar 5.59%; Harga menyimpang -14.40% dari MA 20 hari; Return z-score mencapai -2.09; Volume z-score mencapai 2.65
2024-04-16,5375.0,5575.0,5350.0,5350.0,600717500,BBRI,-0.0530973451327433,2.3593831262883227,202731905.0,2.963112786810739,0.0420560747663551,6010.0,-0.1098169717138103,0.021816084052251,-2.107698911279718,2.9764200187326644,-1,True,0.08780437008587294,Return harian bergerak -5.31%; Harga menyimpang -10.98% dari MA 20 hari; Return z-score mencapai -2.11; Volume z-score mencapai 2.98
2026-06-10,2500.0,2810.0,2500.0,2810.0,391732600,TLKM,0.0725190839694656,0.0557248024285308,184936315.0,2.11820269047753,0.1103202846975089,2926.5,-0.0398086451392448,0.0522175235491017,1.4099086992530825,1.075608184316636,-1,True,0.08511720343564066,Return harian bergerak 7.25%; Range harga harian sebesar 11.03%
2025-03-26,4980.0,5175.0,4930.0,5150.0,582172700,BMRI,0.0864978902953585,0.8597740629535249,256589230.0,2.2688898516901896,0.0475728155339805,4732.5,0.0882197569994717,0.0368311524221523,2.269241228982651,2.578599707157705,-1,True,0.08418956626431418,Return harian bergerak 8.65%; Harga menyimpang 8.82% dari MA 20 hari; Return z-score mencapai 2.27; Volume z-score mencapai 2.58
2024-05-31,9100.0,9250.0,9025.0,9250.0,756431600,BBCA,0.0277777777777776,2.6522281571937536,131774235.0,5.740360397463131,0.0243243243243243,9503.75,-0.0266999868472971,0.0180797892331782,1.6375979144439536,4.128887512786321,-1,True,0.0840441985059095,Volume 5.7x lebih tinggi dari rata-rata 20 hari; Volume z-score mencapai 4.13
2026-06-09,4850.0,5150.0,4820.0,5150.0,772898000,BBCA,0.0618556701030927,0.0961641530276915,307299080.0,2.5151328145857126,0.0640776699029126,5795.0,-0.1113028472821397,0.0296100360844663,2.373189999381173,1.6535879515409404,-1,True,0.08157332506126758,Return harian bergerak 6.19%; Range harga harian sebesar 6.41%; Harga menyimpang -11.13% dari MA 20 hari; Return z-score mencapai 2.37
2026-06-03,2960.0,2980.0,2530.0,2610.0,438971300,ANTM,-0.1182432432432432,1.157872719461155,175794830.0,2.4970660399967395,0.1724137931034483,3244.0,-0.1954377311960542,0.0412269446655407,-2.4722431479330464,2.083789393032354,-1,True,0.08142056728059532,Return harian bergerak -11.82%; Range harga harian sebesar 17.24%; Harga menyimpang -19.54% dari MA 20 hari; Return z-score mencapai -2.47; Volume z-score mencapai 2.08
2026-06-09,3650.0,4090.0,3650.0,4090.0,484957600,BMRI,0.1024258760107816,0.2527856898182758,230112285.0,2.1074824405833006,0.1075794621026894,4107.0,-0.0041392744095446,0.0297911557000915,3.488853658477071,1.7515141920202564,-1,True,0.08105656631846414,Return harian bergerak 10.24%; Range harga harian sebesar 10.76%; Return z-score mencapai 3.49
2024-08-30,1415.0,1420.0,1390.0,1390.0,764070300,ANTM,-0.0141843971631205,5.879989446851119,124319330.0,6.146029744529672,0.0215827338129496,1385.25,0.0034289839379173,0.0248437101934519,-0.6488828054211974,3.7294164821779465,-1,True,0.0808537727480696,Volume 6.1x lebih tinggi dari rata-rata 20 hari; Volume z-score mencapai 3.73
2026-01-29,3420.0,3500.0,3100.0,3450.0,582049700,TLKM,-0.0057636887608069,0.3250162653485018,135846580.0,4.284610624720917,0.1159420289855072,3603.0,-0.0424646128226477,0.0325557173137595,-0.1756920866849157,3.320359726626096,-1,True,0.08049344311855355,Volume 4.3x lebih tinggi dari rata-rata 20 hari; Range harga harian sebesar 11.59%; Volume z-score mencapai 3.32
2025-10-09,3690.0,3930.0,3640.0,3860.0,479239500,BBRI,0.0376344086021505,2.232345476337094,207679890.0,2.307587412531854,0.0751295336787564,3989.5,-0.032460208046121,0.0174579441103526,2.305991915971326,2.8932630351135447,-1,True,0.07868368874662812,Range harga harian sebesar 7.51%; Return z-score mencapai 2.31; Volume z-score mencapai 2.89
2024-07-23,51.0,58.0,51.0,55.0,12618321500,GOTO,0.0784313725490195,5.878570913817049,2239680255.0,5.633983454481988,0.1272727272727272,50.4,0.0912698412698413,0.0189842638632332,3.871111179652294,2.99255632215846,-1,True,0.0782722765066014,Volume 5.6x lebih tinggi dari rata-rata 20 hari; Return harian bergerak 7.84%; Range harga harian sebesar 12.73%; Harga menyimpang 9.13% dari MA 20 hari; Return z-score mencapai 3.87; Volume z-score mencapai 2.99
2024-09-17,2860.0,3180.0,2850.0,3100.0,198006300,BRIS,0.0839160839160839,2.717346124602229,49992645.0,3.960708620238037,0.1064516129032258,2704.0,0.1464497041420118,0.0262259542314365,2.858206427258175,3.600141413513418,-1,True,0.0776791053812751,Volume 4.0x lebih tinggi dari rata-rata 20 hari; Return harian bergerak 8.39%; Range harga harian sebesar 10.65%; Harga menyimpang 14.64% dari MA 20 hari; Return z-score mencapai 2.86; Volume z-score mencapai 3.60
2024-09-25,5400.0,5425.0,5200.0,5325.0,607065900,BBRI,-0.0361990950226244,2.1065359641011443,224559315.0,2.7033654782924503,0.0422535211267605,5255.0,0.0133206470028544,0.0140016527074809,-2.694138588794702,3.641996396827221,-1,True,0.07719644986508323,Return z-score mencapai -2.69; Volume z-score mencapai 3.64
2025-04-08,1450.0,1480.0,1390.0,1400.0,133964900,ANTM,-0.1437308868501529,3.150436994420227,60197650.0,2.225417437391659,0.0642857142857142,1586.75,-0.1176933984559634,0.0444818838461434,-3.114567197452069,2.6201618689136303,-1,True,0.07675154689128005,Return harian bergerak -14.37%; Range harga harian sebesar 6.43%; Harga menyimpang -11.77% dari MA 20 hari; Return z-score mencapai -3.11; Volume z-score mencapai 2.62
2025-09-26,1780.0,1940.0,1775.0,1830.0,134223700,UNVR,0.0547550432276657,8.319472313834403,28412380.0,4.7241272994377805,0.0901639344262295,1718.0,0.0651920838183934,0.0208490244529911,2.5091708604012783,3.8228829433473055,-1,True,0.07604446123277409,Volume 4.7x lebih tinggi dari rata-rata 20 hari; Return harian bergerak 5.48%; Range harga harian sebesar 9.02%; Return z-score mencapai 2.51; Volume z-score mencapai 3.82
2023-10-16,66.0,70.0,54.0,66.0,18896754400,GOTO,-0.0149253731343284,1.119416738623316,3576578100.0,5.283473161120122,0.2424242424242424,83.0,-0.2048192771084337,0.0249254686624968,0.0496116817841468,3.628682018724193,-1,True,0.07567662701950639,Volume 5.3x lebih tinggi dari rata-rata 20 hari; Range harga harian sebesar 24.24%; Harga menyimpang -20.48% dari MA 20 hari; Volume z-score mencapai 3.63
2025-05-14,4000.0,4090.0,3960.0,4090.0,461642400,BBRI,0.0651041666666667,2.1268514021787057,212190515.0,2.175603372280801,0.0317848410757946,3778.5,0.0824401217414317,0.022633089046125,2.7030976451308457,2.548666906878082,-1,True,0.07375396887508046,Return harian bergerak 6.51%; Harga menyimpang 8.24% dari MA 20 hari; Return z-score mencapai 2.70; Volume z-score mencapai 2.55
2023-12-20,2310.0,2710.0,2310.0,2570.0,138026700,MDKA,0.1222707423580786,6.769804948070591,73880135.0,1.8682518649972688,0.1556420233463035,2410.5,0.0661688446380419,0.0398734621831116,2.793672495337604,0.9018276590812077,-1,True,0.07322791890943114,Return harian bergerak 12.23%; Range harga harian sebesar 15.56%; Return z-score mencapai 2.79
2024-04-16,3260.0,3280.0,3150.0,3220.0,490658200,TLKM,-0.0612244897959183,3.227927725315528,189399650.0,2.590597184313699,0.0403726708074534,3700.0,-0.1297297297297297,0.0199086017340333,-2.6060791020165865,2.2060520002269257,-1,True,0.07229620848858886,Return harian bergerak -6.12%; Harga menyimpang -12.97% dari MA 20 hari; Return z-score mencapai -2.61; Volume z-score mencapai 2.21
2025-01-08,1520.0,1525.0,1360.0,1360.0,146043100,MDKA,-0.0993377483443708,3.576030556356299,43281335.0,3.3742743840965166,0.1213235294117647,1719.75,-0.2091873818869021,0.0327415922578435,-2.528035787542097,2.9774787530947027,-1,True,0.07195117354879377,Volume 3.4x lebih tinggi dari rata-rata 20 hari; Return harian bergerak -9.93%; Range harga harian sebesar 12.13%; Harga menyimpang -20.92% dari MA 20 hari; Return z-score mencapai -2.53; Volume z-score mencapai 2.98
2023-10-26,5175.0,5175.0,4920.0,4920.0,330618800,BBRI,-0.0492753623188405,1.3247814928101818,123300700.0,2.6814024575691784,0.0518292682926829,5163.5,-0.0471579355088602,0.0163746764300563,-2.833762847006031,3.266144769248697,-1,True,0.07194879486042716,Range harga harian sebesar 5.18%; Return z-score mencapai -2.83; Volume z-score mencapai 3.27
2025-02-27,2870.0,2900.0,2620.0,2630.0,83529800,BRIS,-0.0836236933797909,2.660970446566709,27755530.0,3.009483155248702,0.1064638783269961,2966.5,-0.1134333389516265,0.0290564063567049,-2.7361450349320924,3.1791786257236194,-1,True,0.07097481980241349,Volume 3.0x lebih tinggi dari rata-rata 20 hari; Return harian bergerak -8.36%; Range harga harian sebesar 10.65%; Harga menyimpang -11.34% dari MA 20 hari; Return z-score mencapai -2.74; Volume z-score mencapai 3.18
2024-09-20,2300.0,2300.0,2220.0,2260.0,231983300,MDKA,-0.0044052863436123,6.875079350530758,41960340.0,5.528632513463904,0.0353982300884955,2326.5,-0.0285837094347732,0.0200113199345953,-0.1965467013345308,4.050964338149536,-1,True,0.07005950580664555,Volume 5.5x lebih tinggi dari rata-rata 20 hari; Volume z-score mencapai 4.05
2025-10-27,2580.0,2840.0,2530.0,2710.0,277535000,UNVR,0.0711462450592885,0.038757032246812,65482485.0,4.238308915735254,0.1143911439114391,1980.75,0.3681686229963398,0.0456087338904925,1.060803890051794,2.7608734627250544,-1,True,0.06854800490703616,Volume 4.2x lebih tinggi dari rata-rata 20 hari; Return harian bergerak 7.11%; Range harga harian sebesar 11.44%; Harga menyimpang 36.82% dari MA 20 hari; Volume z-score mencapai 2.76
2024-04-16,1685.0,1810.0,1680.0,1810.0,201068200,ANTM,0.0838323353293413,4.6879425401486285,64345635.0,3.1248149155727503,0.0718232044198895,1646.5,0.0993015487397509,0.025579891961223,2.9291254464802856,3.598077160717363,-1,True,0.06837354064708268,Volume 3.1x lebih tinggi dari rata-rata 20 hari; Return harian bergerak 8.38%; Range harga harian sebesar 7.18%; Harga menyimpang 9.93% dari MA 20 hari; Return z-score mencapai 2.93; Volume z-score mencapai 3.60
2023-07-25,4190.0,4190.0,4020.0,4050.0,49204900,UNVR,-0.0559440559440559,4.610592930444698,10637330.0,4.62568144449782,0.0419753086419753,4252.5,-0.0476190476190476,0.0156803298589791,-3.340664557542601,3.9588509279649022,-1,True,0.06832461778052523,Volume 4.6x lebih tinggi dari rata-rata 20 hari; Return harian bergerak -5.59%; Return z-score mencapai -3.34; Volume z-score mencapai 3.96
2026-06-08,2700.0,2750.0,2590.0,2590.0,626878600,BBRI,-0.0547445255474452,1.0218394496951495,267292850.0,2.345287575032404,0.0617760617760617,3020.0,-0.1423841059602649,0.0241816672870058,-1.8024898330600343,1.42516847894588,-1,True,0.0666941716132956,Return harian bergerak -5.47%; Range harga harian sebesar 6.18%; Harga menyimpang -14.24% dari MA 20 hari
2024-11-19,2610.0,2850.0,2590.0,2780.0,275670300,TLKM,0.0733590733590734,1.3072254821465783,110743625.0,2.4892656349293243,0.0935251798561151,2760.0,0.0072463768115942,0.0225311873357523,3.4214866342403782,2.8047556504602693,-1,True,0.06605190171549491,Return harian bergerak 7.34%; Range harga harian sebesar 9.35%; Return z-score mencapai 3.42; Volume z-score mencapai 2.80
2023-08-09,103.0,104.0,92.0,93.0,8576395700,GOTO,-0.1057692307692307,1.5691485615603669,2492182545.0,3.4413192232674112,0.1290322580645161,110.35,-0.1572270049841413,0.0323135819187407,-3.087323000819284,3.48128757028672,-1,True,0.06575281586445325,Volume 3.4x lebih tinggi dari rata-rata 20 hari; Return harian bergerak -10.58%; Range harga harian sebesar 12.90%; Harga menyimpang -15.72% dari MA 20 hari; Return z-score mencapai -3.09; Volume z-score mencapai 3.48
2026-06-09,2510.0,2620.0,2510.0,2620.0,371055600,TLKM,0.1148936170212766,0.1178134386832625,169930670.0,2.183570511432692,0.0419847328244274,2933.5,-0.1068689279018237,0.0492596194999958,2.4318366258298965,1.076067227567932,-1,True,0.06522399469860651,Return harian bergerak 11.49%; Harga menyimpang -10.69% dari MA 20 hari; Return z-score mencapai 2.43
2025-06-20,8700.0,8875.0,8625.0,8700.0,445915100,BBCA,-0.0085470085470085,4.653117730208736,121796095.0,3.6611608935409623,0.028735632183908,9185.0,-0.0528034839412084,0.0134131696919494,-0.3163877114660991,3.3266064220908422,-1,True,0.06501371538241252,Volume 3.7x lebih tinggi dari rata-rata 20 hari; Volume z-score mencapai 3.33
2025-10-20,7700.0,8000.0,7625.0,7875.0,393421800,BBCA,0.05,1.5005453352858624,151082340.0,2.604022415856148,0.0476190476190476,7540.0,0.0444297082228116,0.0192095424681729,2.5437668536896787,3.235415914187606,-1,True,0.0646156717538543,Return harian bergerak 5.00%; Return z-score mencapai 2.54; Volume z-score mencapai 3.24
2026-06-05,5325.0,5375.0,5075.0,5075.0,572612000,BBCA,-0.0645161290322581,0.0410001099881012,249803815.0,2.2922468177677757,0.0591133004926108,5911.25,-0.1414675407062804,0.0234021413698744,-2.334038002885999,1.3360929426213917,-1,True,0.0637119478460052,Return harian bergerak -6.45%; Range harga harian sebesar 5.91%; Harga menyimpang -14.15% dari MA 20 hari; Return z-score mencapai -2.33
2024-07-25,2600.0,2630.0,2460.0,2490.0,49706400,UNVR,-0.0845588235294118,4.635901854959409,14186170.0,3.503863269649243,0.0682730923694779,2871.5,-0.1328573916071739,0.0252770211663741,-2.9391743161729247,3.704549055831768,-1,True,0.06348135278889644,Volume 3.5x lebih tinggi dari rata-rata 20 hari; Return harian bergerak -8.46%; Range harga harian sebesar 6.83%; Harga menyimpang -13.29% dari MA 20 hari; Return z-score mencapai -2.94; Volume z-score mencapai 3.70
2025-02-25,1240.0,1255.0,1150.0,1150.0,116532600,UNVR,-0.0909090909090909,2.452735935148204,29381040.0,3.9662517051813007,0.0913043478260869,1456.0,-0.2101648351648351,0.034250712229401,-2.0723890239766867,3.308937996532261,-1,True,0.06137298351443987,Volume 4.0x lebih tinggi dari rata-rata 20 hari; Return harian bergerak -9.09%; Range harga harian sebesar 9.13%; Harga menyimpang -21.02% dari MA 20 hari; Return z-score mencapai -2.07; Volume z-score mencapai 3.31
2026-06-09,1615.0,1840.0,1565.0,1840.0,43115800,BRIS,0.1393188854489164,0.8330924118227272,21257360.0,2.028276324059055,0.1494565217391304,1841.25,-0.0006788866259334,0.0504924696146136,2.7331142352637148,1.3354942348500451,-1,True,0.06060755374338811,Return harian bergerak 13.93%; Range harga harian sebesar 14.95%; Return z-score mencapai 2.73
2026-01-21,7925.0,7950.0,7700.0,7700.0,301825600,BBCA,-0.0374999999999999,2.650858507968188,104917235.0,2.876797124895638,0.0324675324675324,8057.5,-0.0443686006825938,0.0138504895768499,-2.565033442708633,3.657131719769328,-1,True,0.059090270055966676,Return z-score mencapai -2.57; Volume z-score mencapai 3.66
2025-10-29,1785.0,1945.0,1775.0,1935.0,465423400,ADRO,0.084033613445378,5.226808178730111,147932460.0,3.1461884700626217,0.0878552971576227,1736.5,0.1143103944716383,0.0406479498532357,1.8669474248564557,2.3723097881059685,-1,True,0.057953844893112616,Volume 3.1x lebih tinggi dari rata-rata 20 hari; Return harian bergerak 8.40%; Range harga harian sebesar 8.79%; Harga menyimpang 11.43% dari MA 20 hari; Volume z-score mencapai 2.37
2024-09-26,5150.0,5200.0,5025.0,5050.0,855266800,BBRI,-0.0516431924882628,0.4088533057119499,253444570.0,3.374571410229858,0.0346534653465346,5250.0,-0.0380952380952381,0.0183555663095752,-2.7689625993482805,3.4213844679782235,-1,True,0.05793959780665736,Volume 3.4x lebih tinggi dari rata-rata 20 hari; Return harian bergerak -5.16%; Return z-score mencapai -2.77; Volume z-score mencapai 3.42
2025-05-19,2170.0,2400.0,2160.0,2320.0,345031600,ADRO,0.0790697674418605,0.1981079267894621,91317970.0,3.778353811413022,0.1034482758620689,1908.0,0.2159329140461215,0.0340661417971615,1.93091187242267,3.1112856644262465,-1,True,0.05770565376073322,Volume 3.8x lebih tinggi dari rata-rata 20 hari; Return harian bergerak 7.91%; Range harga harian sebesar 10.34%; Harga menyimpang 21.59% dari MA 20 hari; Volume z-score mencapai 3.11
2025-05-07,2560.0,2780.0,2550.0,2750.0,617628300,ANTM,0.0826771653543307,0.853634138918951,254156880.0,2.4301065546602554,0.0836363636363636,2038.75,0.34886572654813,0.0565840434621944,0.9680477742148602,3.142213498244876,-1,True,0.05638419064738387,Return harian bergerak 8.27%; Range harga harian sebesar 8.36%; Harga menyimpang 34.89% dari MA 20 hari; Volume z-score mencapai 3.14
2025-08-12,3050.0,3200.0,3010.0,3180.0,217607800,TLKM,0.0635451505016722,1.902277058829021,88893855.0,2.447950986038349,0.0597484276729559,2897.0,0.0976872626855367,0.0194371744368554,2.7792996547479247,2.6273949149351843,-1,True,0.05622377549050017,Return harian bergerak 6.35%; Range harga harian sebesar 5.97%; Harga menyimpang 9.77% dari MA 20 hari; Return z-score mencapai 2.78; Volume z-score mencapai 2.63
2026-03-04,3430.0,3450.0,3110.0,3200.0,206478300,TLKM,-0.072463768115942,0.6465075221006062,120113175.0,1.719031238663036,0.10625,3460.5,-0.0752781389972547,0.0255467768230793,-2.673880960865452,2.0092429200965443,-1,True,0.056218712262728676,Return harian bergerak -7.25%; Range harga harian sebesar 10.62%; Return z-score mencapai -2.67; Volume z-score mencapai 2.01
2023-09-20,1635.0,1735.0,1630.0,1715.0,103541200,BRIS,0.058641975308642,2.9253903924965785,21072690.0,4.913525515726754,0.0612244897959183,1664.25,0.0304942166140904,0.017379472774539,3.315307446802784,3.9471220352882743,-1,True,0.05617528678161621,Volume 4.9x lebih tinggi dari rata-rata 20 hari; Return harian bergerak 5.86%; Range harga harian sebesar 6.12%; Return z-score mencapai 3.32; Volume z-score mencapai 3.95
2025-03-18,3840.0,3860.0,3500.0,3680.0,416894600,BBRI,-0.0391644908616187,1.566015275651714,349445130.0,1.1930187723606278,0.0978260869565217,3789.5,-0.0288956326692175,0.0374040250766004,-0.904491383180828,0.3258882126787503,-1,True,0.05597187789539504,Range harga harian sebesar 9.78%
2024-10-24,2170.0,2200.0,2100.0,2130.0,81409800,UNVR,-0.0858369098712446,5.543880520232143,25905980.0,3.1425099533003578,0.0469483568075117,2277.5,-0.0647639956092206,0.0275094882089171,-2.9943296180523205,3.354990406871054,-1,True,0.05562617087224653,Volume 3.1x lebih tinggi dari rata-rata 20 hari; Return harian bergerak -8.58%; Return z-score mencapai -2.99; Volume z-score mencapai 3.35
2025-03-25,2130.0,2380.0,2100.0,2370.0,135533700,BRIS,0.1232227488151658,0.3646053998759575,54014005.0,2.509232559222372,0.1181434599156118,2489.5,-0.048001606748343,0.048119771978774,2.7781847362941607,2.074866393430104,-1,True,0.05507348228146969,Return harian bergerak 12.32%; Range harga harian sebesar 11.81%; Return z-score mencapai 2.78; Volume z-score mencapai 2.07
2025-10-23,3180.0,3400.0,3170.0,3360.0,218967200,TLKM,0.0666666666666666,0.7000981390842009,89064885.0,2.4585132513223367,0.0684523809523809,3059.5,0.0982186631802582,0.036621707473013,1.702316836234331,2.485849072935262,-1,True,0.055023887040978714,Return harian bergerak 6.67%; Range harga harian sebesar 6.85%; Harga menyimpang 9.82% dari MA 20 hari; Volume z-score mencapai 2.49
2026-06-15,6100.0,6425.0,6100.0,6275.0,480395000,BBCA,0.0590717299578058,0.1551502708884433,403895660.0,1.1894037187723183,0.0517928286852589,5757.5,0.0898827616152844,0.041111699255891,1.3831578757559997,0.2863246421736319,-1,True,0.05437433367396749,Return harian bergerak 5.91%; Range harga harian sebesar 5.18%; Harga menyimpang 8.99% dari MA 20 hari
2025-06-04,2810.0,2810.0,2520.0,2550.0,138022200,BRIS,-0.0827338129496403,1.2380804898337765,50570520.0,2.729301577282575,0.1137254901960784,2869.5,-0.1113434396236278,0.0325932760278368,-2.3841676263385354,3.155297055478936,-1,True,0.054021551714764415,Return harian bergerak -8.27%; Range harga harian sebesar 11.37%; Harga menyimpang -11.13% dari MA 20 hari; Return z-score mencapai -2.38; Volume z-score mencapai 3.16
2025-01-30,1490.0,1490.0,1385.0,1395.0,92858400,ANTM,-0.0637583892617449,3.7463670702971257,35141355.0,2.6424251426844525,0.075268817204301,1490.75,-0.0642294147241321,0.0257521953477494,-2.433243306238121,3.2459435420552354,-1,True,0.05343493823350387,Return harian bergerak -6.38%; Range harga harian sebesar 7.53%; Return z-score mencapai -2.43; Volume z-score mencapai 3.25
2026-01-26,4400.0,4970.0,4400.0,4760.0,491662800,ANTM,0.1095571095571095,1.4158957032424686,263801325.0,1.8637616774669343,0.1197478991596638,3769.5,0.2627669452181987,0.0472248353680981,1.86976162210717,1.7707799207154786,-1,True,0.05285445850252346,Return harian bergerak 10.96%; Range harga harian sebesar 11.97%; Harga menyimpang 26.28% dari MA 20 hari
2023-08-01,2000.0,2060.0,1990.0,2040.0,136288500,ANTM,0.0277078085642317,3.0744311608175856,35470425.0,3.842313702189923,0.034313725490196,1987.25,0.0265442193986665,0.0104550046866371,2.4659431190255305,3.5398498832745937,-1,True,0.05218326945884033,Volume 3.8x lebih tinggi dari rata-rata 20 hari; Return z-score mencapai 2.47; Volume z-score mencapai 3.54
2025-07-22,1890.0,2050.0,1890.0,1965.0,270044800,ADRO,0.0424403183023873,4.178053298256244,64137155.0,4.2104268578798045,0.0814249363867684,1813.5,0.0835401157981803,0.0210846018502879,1.7945505475450545,4.042437946928907,-1,True,0.04791534471711112,Volume 4.2x lebih tinggi dari rata-rata 20 hari; Range harga harian sebesar 8.14%; Harga menyimpang 8.35% dari MA 20 hari; Volume z-score mencapai 4.04
2026-02-04,2250.0,2430.0,2230.0,2400.0,126595000,BRIS,0.0810810810810811,4.736093049809922,39401800.0,3.212924282646985,0.0833333333333333,2208.5,0.0867104369481548,0.0333703721104981,2.248920822627619,3.319812994679328,-1,True,0.04748086718881661,Volume 3.2x lebih tinggi dari rata-rata 20 hari; Return harian bergerak 8.11%; Range harga harian sebesar 8.33%; Harga menyimpang 8.67% dari MA 20 hari; Return z-score mencapai 2.25; Volume z-score mencapai 3.32
2023-02-13,102.0,117.0,102.0,116.0,10381585300,GOTO,0.1047619047619048,11.918170041116564,3989330955.0,2.602337438809962,0.1293103448275862,115.7,0.0025929127052722,0.0454661202319284,2.173223019564385,2.734278465941109,-1,True,0.045400228329439574,Return harian bergerak 10.48%; Range harga harian sebesar 12.93%; Return z-score mencapai 2.17; Volume z-score mencapai 2.73
2024-07-30,3000.0,3000.0,2880.0,2880.0,321472800,TLKM,-0.0557377049180327,2.5371147904618554,115532235.0,2.782537704736691,0.0416666666666666,3101.5,-0.0714170562630985,0.0238337447745632,-2.236697202626161,3.644057149543648,-1,True,0.044807761321568274,Return harian bergerak -5.57%; Return z-score mencapai -2.24; Volume z-score mencapai 3.64
2025-03-04,2040.0,2060.0,1875.0,1910.0,136834400,ADRO,-0.0682926829268292,0.9010348866126046,44919105.0,3.046240569575017,0.0968586387434555,2182.0,-0.1246562786434463,0.0236913064653833,-2.4766139284727267,3.5829365383214378,-1,True,0.04469896074666524,Volume 3.0x lebih tinggi dari rata-rata 20 hari; Return harian bergerak -6.83%; Range harga harian sebesar 9.69%; Harga menyimpang -12.47% dari MA 20 hari; Return z-score mencapai -2.48; Volume z-score mencapai 3.58
2024-08-16,1405.0,1510.0,1400.0,1460.0,377536100,ANTM,0.0541516245487365,1.1324398088161036,67143285.0,5.6228422544413785,0.0753424657534246,1317.75,0.1079491557579207,0.0242990872961034,2.055649494531925,3.8190307492895257,-1,True,0.04461408992230209,Volume 5.6x lebih tinggi dari rata-rata 20 hari; Return harian bergerak 5.42%; Range harga harian sebesar 7.53%; Harga menyimpang 10.79% dari MA 20 hari; Return z-score mencapai 2.06; Volume z-score mencapai 3.82
2025-07-14,4980.0,4990.0,4670.0,4690.0,429438700,BMRI,-0.0563380281690141,0.95216889876048,158186395.0,2.7147638075954634,0.068230277185501,4880.25,-0.0389836586240459,0.0213989100365702,-2.4249070278068507,2.827914268451021,-1,True,0.04455804442596101,Return harian bergerak -5.63%; Range harga harian sebesar 6.82%; Return z-score mencapai -2.42; Volume z-score mencapai 2.83
2025-10-09,1865.0,1880.0,1705.0,1730.0,486714100,ADRO,-0.0648648648648648,0.5012397901224552,120007580.0,4.055694648621362,0.1011560693641618,1692.75,0.0220056121695465,0.0363259094097689,-1.8426145932573643,3.2681980398816157,-1,True,0.04443490567706965,Volume 4.1x lebih tinggi dari rata-rata 20 hari; Return harian bergerak -6.49%; Range harga harian sebesar 10.12%; Volume z-score mencapai 3.27
2023-02-10,4770.0,4770.0,4580.0,4580.0,80984400,UNVR,-0.0691056910569105,2.1950668134313345,16363845.0,4.948983567126186,0.0414847161572052,4777.25,-0.0412894447642472,0.0212077980306594,-3.177998761795728,3.812920929160096,-1,True,0.04418973168125384,Volume 4.9x lebih tinggi dari rata-rata 20 hari; Return harian bergerak -6.91%; Return z-score mencapai -3.18; Volume z-score mencapai 3.81
2025-10-28,2680.0,2720.0,2450.0,2490.0,156918700,UNVR,-0.081180811808118,-0.4345985191056983,72139180.0,2.175221564758568,0.108433734939759,2016.25,0.2349659020458772,0.0511804686917045,-1.940543231944746,1.0766066619921812,-1,True,0.04401586727474649,Return harian bergerak -8.12%; Range harga harian sebesar 10.84%; Harga menyimpang 23.50% dari MA 20 hari
2024-04-04,2420.0,2720.0,2410.0,2680.0,172946200,MDKA,0.1213389121338912,2.1251289742593578,59149460.0,2.923884681280269,0.1156716417910447,2334.0,0.1482433590402742,0.0349692542370196,3.221932813763852,3.0408411204973342,-1,True,0.04376696425969151,Return harian bergerak 12.13%; Range harga harian sebesar 11.57%; Harga menyimpang 14.82% dari MA 20 hari; Return z-score mencapai 3.22; Volume z-score mencapai 3.04
2025-03-21,8275.0,8275.0,7900.0,7900.0,377916400,BBCA,-0.0567164179104477,1.4713776662287392,163807380.0,2.3070779839101268,0.0474683544303797,8711.25,-0.0931267039747453,0.0216459722646237,-2.3303946582228554,2.2249693474694974,-1,True,0.043145703487805886,Return harian bergerak -5.67%; Harga menyimpang -9.31% dari MA 20 hari; Return z-score mencapai -2.33; Volume z-score mencapai 2.22
2026-06-09,2570.0,2910.0,2530.0,2880.0,291597400,ANTM,0.1383399209486167,0.0683457968681362,204827975.0,1.4236209677901663,0.1319444444444444,3039.5,-0.0524757361408126,0.0553461610197114,2.698225395631836,0.6564337329822055,-1,True,0.04312184078339065,Return harian bergerak 13.83%; Range harga harian sebesar 13.19%; Return z-score mencapai 2.70
2026-05-04,50.0,51.0,50.0,51.0,26429459800,GOTO,-0.0555555555555555,1.853952778933774,4763462715.0,5.548371296530658,0.0196078431372549,52.8,-0.034090909090909,0.0256396005264282,-2.1040357551427658,3.9186192746432544,-1,True,0.04307436769099349,Volume 5.5x lebih tinggi dari rata-rata 20 hari; Return harian bergerak -5.56%; Return z-score mencapai -2.10; Volume z-score mencapai 3.92
2025-04-10,1175.0,1300.0,1150.0,1220.0,159604700,MDKA,0.1730769230769231,-0.1455828307891616,78869630.0,2.0236521966693646,0.1229508196721311,1366.75,-0.1073715017376989,0.0722281467466298,2.490034406066337,1.9679242485919244,-1,True,0.04290973968725231,Return harian bergerak 17.31%; Range harga harian sebesar 12.30%; Harga menyimpang -10.74% dari MA 20 hari; Return z-score mencapai 2.49
2024-04-02,5850.0,5950.0,5625.0,5675.0,412180900,BBRI,-0.0421940928270042,0.897633970787421,157774135.0,2.6124744718137736,0.0572687224669603,6118.75,-0.0725229826353421,0.019322863773336,-1.9958555407867835,2.6625734839876127,-1,True,0.04212491972157961,Range harga harian sebesar 5.73%; Volume z-score mencapai 2.66
2024-12-10,1500.0,1630.0,1500.0,1625.0,158162400,ANTM,0.0906040268456376,2.7111468809100336,56403575.0,2.8041201289102684,0.08,1471.25,0.1045029736618521,0.032899236213474,2.6469461796861427,3.351156712428184,-1,True,0.04193144283210293,Return harian bergerak 9.06%; Range harga harian sebesar 8.00%; Harga menyimpang 10.45% dari MA 20 hari; Return z-score mencapai 2.65; Volume z-score mencapai 3.35
2024-11-28,2020.0,2020.0,1830.0,1930.0,132976100,MDKA,-0.035,3.635170887289332,31381390.0,4.2374190563260585,0.0984455958549222,2171.0,-0.1110087517273146,0.0223215427158379,-1.102288131755404,3.8318490558360896,-1,True,0.041511189569175655,Volume 4.2x lebih tinggi dari rata-rata 20 hari; Range harga harian sebesar 9.84%; Harga menyimpang -11.10% dari MA 20 hari; Volume z-score mencapai 3.83
2025-05-15,4140.0,4310.0,4130.0,4270.0,537151700,BBRI,0.0440097799511003,0.1635666481241757,223988070.0,2.398126382355989,0.0421545667447306,3810.5,0.1205878493636005,0.0212478413428969,1.677710752304232,2.5940726359781867,-1,True,0.040786292013017644,Harga menyimpang 12.06% dari MA 20 hari; Volume z-score mencapai 2.59
2024-09-20,3190.0,3350.0,3030.0,3030.0,202658000,BRIS,-0.0411392405063291,3.434180239631014,60874300.0,3.329122470402124,0.1056105610561056,2773.5,0.0924824229313142,0.0276621177455756,-1.7637810348541496,2.672601819049572,-1,True,0.039977604619752305,Volume 3.3x lebih tinggi dari rata-rata 20 hari; Range harga harian sebesar 10.56%; Harga menyimpang 9.25% dari MA 20 hari; Volume z-score mencapai 2.67
2025-04-08,2050.0,2180.0,2000.0,2080.0,100834400,BRIS,-0.1111111111111111,1.6292165886601566,56506795.0,1.7844650364615442,0.0865384615384615,2430.5,-0.1442090104916683,0.0497339044969813,-2.073735358259168,1.101493948912168,-1,True,0.039947163575900335,Return harian bergerak -11.11%; Range harga harian sebesar 8.65%; Harga menyimpang -14.42% dari MA 20 hari; Return z-score mencapai -2.07
2025-09-01,2950.0,3280.0,2950.0,3200.0,545677100,ANTM,0.0526315789473683,1.4514214528370206,136760035.0,3.9900333456334662,0.103125,2947.0,0.0858500169664065,0.0238188851691056,1.976621259478921,3.7399821002488713,-1,True,0.03942397632322825,Volume 4.0x lebih tinggi dari rata-rata 20 hari; Return harian bergerak 5.26%; Range harga harian sebesar 10.31%; Harga menyimpang 8.59% dari MA 20 hari; Volume z-score mencapai 3.74
2023-07-27,3840.0,3860.0,3720.0,3720.0,235026400,TLKM,-0.0412371134020618,1.7097721856412045,78901565.0,2.978729255877244,0.0376344086021505,3923.5,-0.0518669555244042,0.0112967664614031,-3.390681146102382,3.618925472144741,-1,True,0.03908499289586875,Return z-score mencapai -3.39; Volume z-score mencapai 3.62
2024-09-12,56.0,61.0,55.0,60.0,11073380400,GOTO,0.0714285714285714,3.637934158424176,2277419295.0,4.862249311890545,0.1,53.2,0.1278195488721804,0.0240229002211201,2.7423666208799293,3.3822177041793604,-1,True,0.03813853957258029,Volume 4.9x lebih tinggi dari rata-rata 20 hari; Return harian bergerak 7.14%; Range harga harian sebesar 10.00%; Harga menyimpang 12.78% dari MA 20 hari; Return z-score mencapai 2.74; Volume z-score mencapai 3.38
2023-11-30,3750.0,3820.0,3740.0,3760.0,258522400,TLKM,0.010752688172043,3.578259314223782,76509165.0,3.378972963565868,0.0212765957446808,3601.0,0.0441544015551235,0.0126960702116857,0.6913327990527035,3.620212852723339,-1,True,0.037990526422914894,Volume 3.4x lebih tinggi dari rata-rata 20 hari; Volume z-score mencapai 3.62
2026-05-11,4310.0,4340.0,4250.0,4250.0,424518900,BMRI,-0.08207343412527,0.1497946441726831,186912730.0,2.2712144860331342,0.0211764705882352,4550.5,-0.0660366992638171,0.0239976530189005,-3.235929156020971,2.671108814299908,-1,True,0.03731077867483723,Return harian bergerak -8.21%; Return z-score mencapai -3.24; Volume z-score mencapai 2.67
2023-12-04,110.0,116.0,100.0,100.0,16585726300,GOTO,-0.0825688073394494,0.2351570689434186,5752453300.0,2.883243971750279,0.16,87.75,0.1396011396011396,0.0506603222507894,-1.9259881537230148,2.7890627096514287,-1,True,0.037214044420824544,Return harian bergerak -8.26%; Range harga harian sebesar 16.00%; Harga menyimpang 13.96% dari MA 20 hari; Volume z-score mencapai 2.79
2025-10-22,8700.0,8700.0,8200.0,8200.0,392957200,BBCA,-0.0324483775811209,-0.2582950706546174,184568600.0,2.129057705373504,0.0609756097560975,7591.25,0.080191009385806,0.026336001351408,-1.345494005798438,1.705224314333953,-1,True,0.03705888161191051,Range harga harian sebesar 6.10%; Harga menyimpang 8.02% dari MA 20 hari
2025-03-18,8500.0,8550.0,8075.0,8300.0,417305700,BBCA,-0.0348837209302325,1.756937007525483,145547970.0,2.867135144516272,0.0572289156626506,8828.75,-0.0598895653405068,0.0195638947468854,-1.5024354251546947,3.3345874444758,-1,True,0.036584942143233934,Range harga harian sebesar 5.72%; Volume z-score mencapai 3.33
2025-10-20,4120.0,4320.0,4070.0,4300.0,331939200,BMRI,0.0617283950617284,0.3411142984121853,132885730.0,2.497929612156249,0.0581395348837209,4284.0,0.003734827264239,0.0205420412932387,3.0623347056209944,2.701418817952747,-1,True,0.03647832825957775,Return harian bergerak 6.17%; Range harga harian sebesar 5.81%; Return z-score mencapai 3.06; Volume z-score mencapai 2.70
2025-10-29,2200.0,2460.0,2200.0,2460.0,237569000,MDKA,0.1336405529953916,2.617783666072761,84155890.0,2.8229634313177603,0.1056910569105691,2281.0,0.0784743533537922,0.0382566289051066,3.242956168448115,2.891940144174825,-1,True,0.036387340865946416,Return harian bergerak 13.36%; Range harga harian sebesar 10.57%; Return z-score mencapai 3.24; Volume z-score mencapai 2.89
2025-09-09,4450.0,4480.0,4310.0,4310.0,509366600,BMRI,-0.0400890868596881,1.5438503354816475,177528385.0,2.869212154439416,0.0394431554524361,4758.0,-0.0941572089113072,0.0203102007825102,-1.786412139938634,3.1276766633057997,-1,True,0.03617069499002101,Harga menyimpang -9.42% dari MA 20 hari; Volume z-score mencapai 3.13
2023-07-04,1690.0,1800.0,1690.0,1790.0,86514200,BRIS,0.0591715976331361,2.0968270786500764,20673125.0,4.184863197992563,0.0614525139664804,1686.0,0.0616844602609727,0.0177022588226617,3.254303222453539,3.74728476169373,-1,True,0.03538846869694823,Volume 4.2x lebih tinggi dari rata-rata 20 hari; Return harian bergerak 5.92%; Range harga harian sebesar 6.15%; Return z-score mencapai 3.25; Volume z-score mencapai 3.75
2024-08-15,1310.0,1390.0,1305.0,1385.0,177044200,ANTM,0.0613026819923372,2.7730712591452824,51276800.0,3.452715458062906,0.0613718411552346,1312.25,0.0554391312630977,0.0217192833033247,2.7955865416910863,3.525665754145671,-1,True,0.035365276619097386,Volume 3.5x lebih tinggi dari rata-rata 20 hari; Return harian bergerak 6.13%; Range harga harian sebesar 6.14%; Return z-score mencapai 2.80; Volume z-score mencapai 3.53
2025-04-08,1725.0,1725.0,1600.0,1645.0,141027600,ADRO,-0.1084010840108401,2.458126846731974,83707220.0,1.6847722335062614,0.0759878419452887,1851.75,-0.1116511408127447,0.0389729703531171,-2.507141371205768,1.737346584967106,-1,True,0.03502460181714262,Return harian bergerak -10.84%; Range harga harian sebesar 7.60%; Harga menyimpang -11.17% dari MA 20 hari; Return z-score mencapai -2.51
2025-04-10,5200.0,5225.0,4970.0,5025.0,559966600,BMRI,0.0668789808917198,0.7674536197241915,292348565.0,1.9154073836483516,0.0507462686567164,4762.75,0.05506272636607,0.0419673259987583,1.5288306429089675,1.5799528992829577,-1,True,0.03482204634499653,Return harian bergerak 6.69%; Range harga harian sebesar 5.07%
2026-05-19,2680.0,2780.0,2340.0,2500.0,308566800,MDKA,-0.0601503759398496,0.9839607228669324,81204575.0,3.799869650201359,0.176,3076.5,-0.1873882658865594,0.0374300704024164,-1.237703302394386,2.5127960402078826,-1,True,0.03472593182698003,Volume 3.8x lebih tinggi dari rata-rata 20 hari; Return harian bergerak -6.02%; Range harga harian sebesar 17.60%; Harga menyimpang -18.74% dari MA 20 hari; Volume z-score mencapai 2.51
2023-04-27,4150.0,4470.0,4150.0,4400.0,65436100,UNVR,0.0731707317073171,1.0094983939023567,14035595.0,4.662153617285195,0.0727272727272727,4238.0,0.0382255781028787,0.0208782129271311,3.3604695389677937,3.737587519020346,-1,True,0.034569799663349166,Volume 4.7x lebih tinggi dari rata-rata 20 hari; Return harian bergerak 7.32%; Range harga harian sebesar 7.27%; Return z-score mencapai 3.36; Volume z-score mencapai 3.74
2025-05-26,72.0,72.0,64.0,68.0,14901151700,GOTO,-0.0555555555555555,12.08955700983837,5271026485.0,2.826992378506328,0.1176470588235294,78.0,-0.1282051282051282,0.0308270353564264,-1.554490190717423,2.6362371694628965,-1,True,0.034189816293705655,Return harian bergerak -5.56%; Range harga harian sebesar 11.76%; Harga menyimpang -12.82% dari MA 20 hari; Volume z-score mencapai 2.64
2023-11-30,8925.0,8975.0,8900.0,8975.0,205312100,BBCA,0.0084269662921347,2.7523503351877707,62231510.0,3.2991662905174564,0.0083565459610027,8937.5,0.0041958041958041,0.0100301959028088,0.7654340598484267,3.6443370530104433,-1,True,0.03367702321730792,Volume 3.3x lebih tinggi dari rata-rata 20 hari; Volume z-score mencapai 3.64
2026-05-07,1830.0,2000.0,1830.0,1990.0,53662600,BRIS,0.0964187327823691,2.283321096426824,19462090.0,2.757288657076398,0.0854271356783919,1961.0,0.0147883732789393,0.0272880080167073,3.610619079995115,3.349571159838074,-1,True,0.0335882913643889,Return harian bergerak 9.64%; Range harga harian sebesar 8.54%; Return z-score mencapai 3.61; Volume z-score mencapai 3.35
2026-06-03,2600.0,2600.0,2250.0,2320.0,172256000,MDKA,-0.1212121212121212,1.461700278959162,127608460.0,1.349879153780243,0.1508620689655172,2699.5,-0.140581589183182,0.0777847141192639,-1.4082485441244068,0.4233477121256596,-1,True,0.03267361602087038,Return harian bergerak -12.12%; Range harga harian sebesar 15.09%; Harga menyimpang -14.06% dari MA 20 hari
2026-01-29,4510.0,4570.0,3760.0,4320.0,818266300,ANTM,-0.0226244343891403,0.3882534634813055,311366385.0,2.627985355580372,0.1875,3951.5,0.0932557256737947,0.0510632484071142,-0.7324703259611947,2.690136214697674,-1,True,0.03227449444412456,Range harga harian sebesar 18.75%; Harga menyimpang 9.33% dari MA 20 hari; Volume z-score mencapai 2.69
2026-03-10,3120.0,3150.0,2930.0,2960.0,288339600,TLKM,-0.0451612903225806,1.274391330892294,119120040.0,2.4205801139757845,0.0743243243243243,3413.5,-0.1328548410722132,0.0264573937463428,-1.4698331920972991,3.190370301890165,-1,True,0.031895693062237385,Range harga harian sebesar 7.43%; Harga menyimpang -13.29% dari MA 20 hari; Volume z-score mencapai 3.19
2025-11-04,3360.0,3590.0,3360.0,3500.0,227450800,TLKM,0.0447761194029849,1.1227068640324478,109552100.0,2.0761884071596985,0.0657142857142857,3164.0,0.1061946902654867,0.039298709086167,0.9286879289630752,2.091675088710294,-1,True,0.031637738903611656,Range harga harian sebesar 6.57%; Harga menyimpang 10.62% dari MA 20 hari; Volume z-score mencapai 2.09
2025-01-15,3840.0,4090.0,3840.0,4090.0,407813500,BBRI,0.0763157894736841,0.3889079042863657,228340460.0,1.7859887818391886,0.0611246943765281,4090.5,-0.0001222344456667,0.0262598147130058,2.9714409334522403,1.793600110444632,-1,True,0.031594854230746594,Return harian bergerak 7.63%; Range harga harian sebesar 6.11%; Return z-score mencapai 2.97
2025-08-26,8450.0,8475.0,8250.0,8250.0,326794200,BBCA,-0.0265486725663717,4.10195823126894,112965285.0,2.89287279716065,0.0272727272727272,8475.0,-0.0265486725663716,0.0158627238030433,-1.5871161999312873,3.073383027565985,-1,True,0.030792564725971028,Volume z-score mencapai 3.07
2025-10-30,58.0,60.0,57.0,60.0,10550240400,GOTO,0.0714285714285714,10.415837116704418,2865746055.0,3.681498708370376,0.05,55.55,0.0801080108010801,0.0263191736328724,2.5010011274568344,3.0066652027552334,-1,True,0.029261565474478113,Volume 3.7x lebih tinggi dari rata-rata 20 hari; Return harian bergerak 7.14%; Range harga harian sebesar 5.00%; Harga menyimpang 8.01% dari MA 20 hari; Return z-score mencapai 2.50; Volume z-score mencapai 3.01
2024-04-16,9350.0,9575.0,9250.0,9475.0,283265900,BBCA,-0.0356234096692111,3.0220294028278287,100316945.0,2.8237093942603617,0.0343007915567282,10006.25,-0.0530918176139912,0.0181028573140539,-1.841512421029692,3.30540549643376,-1,True,0.029037724248581087,Volume z-score mencapai 3.31
2024-01-04,6125.0,6400.0,6100.0,6350.0,135344500,BMRI,0.0409836065573769,3.503392238611295,78175010.0,1.7313013455322872,0.0472440944881889,5945.0,0.0681244743481917,0.0170205344378489,2.233102913790439,1.4024131117760523,-1,True,0.028972818036897552,Return z-score mencapai 2.23
2024-03-06,63.0,74.0,63.0,74.0,7056190100,GOTO,0.1746031746031746,1.948234023642729,3595560075.0,1.9624731482201696,0.1486486486486486,78.55,-0.0579248886059834,0.0514682451374032,3.558586692112266,1.680347363176468,-1,True,0.02853451158411313,Return harian bergerak 17.46%; Range harga harian sebesar 14.86%; Return z-score mencapai 3.56
2024-02-16,4050.0,4160.0,4050.0,4160.0,244064200,TLKM,0.032258064516129,0.8868818125381239,80192550.0,3.043477230740262,0.0264423076923076,3992.5,0.0419536631183469,0.0108366974358656,2.802049751234294,3.696126112881073,-1,True,0.02810342944613864,Volume 3.0x lebih tinggi dari rata-rata 20 hari; Return z-score mencapai 2.80; Volume z-score mencapai 3.70
2026-06-08,4950.0,5050.0,4850.0,4850.0,705093300,BBCA,-0.044334975369458,0.231363121974391,274969245.0,2.564262414147444,0.0412371134020618,5845.0,-0.1702309666381522,0.024625956550729,-1.3248294023998652,1.6434743370623657,-1,True,0.027492885948057655,Harga menyimpang -17.02% dari MA 20 hari
2024-07-18,2890.0,3040.0,2870.0,3030.0,103268300,ADRO,0.0448275862068965,2.413365461210216,28162675.0,3.66684982871833,0.0561056105610561,2840.5,0.0667136067593733,0.0135003928349396,2.9269975708758427,3.861065260106431,-1,True,0.027459386734228652,Volume 3.7x lebih tinggi dari rata-rata 20 hari; Range harga harian sebesar 5.61%; Return z-score mencapai 2.93; Volume z-score mencapai 3.86
2025-07-10,3690.0,3880.0,3680.0,3870.0,290117200,BBRI,0.0516304347826086,2.13850920455787,201145870.0,1.442322429985761,0.0516795865633074,3801.5,0.0180192029462054,0.0178093372371417,3.0319807870734854,0.8188159990741034,-1,True,0.0269968321260885,Return harian bergerak 5.16%; Range harga harian sebesar 5.17%; Return z-score mencapai 3.03
2023-02-17,1625.0,1735.0,1585.0,1715.0,203588300,BRIS,0.0553846153846153,-0.1316522417114087,62405350.0,3.262353307849408,0.0874635568513119,1402.0,0.2232524964336661,0.0406867314396694,1.038099591259937,1.8759757895741436,-1,True,0.02631977422430809,Volume 3.3x lebih tinggi dari rata-rata 20 hari; Return harian bergerak 5.54%; Range harga harian sebesar 8.75%; Harga menyimpang 22.33% dari MA 20 hari
2026-05-25,1770.0,1950.0,1760.0,1935.0,56291500,BRIS,0.0901408450704226,3.7245022996609256,24926985.0,2.258255460899102,0.0981912144702842,1824.0,0.0608552631578947,0.0392476542056903,2.2417337682164797,2.0252945350650746,-1,True,0.026014824859575292,Return harian bergerak 9.01%; Range harga harian sebesar 9.82%; Return z-score mencapai 2.24; Volume z-score mencapai 2.03
2025-02-11,2430.0,2450.0,2300.0,2320.0,254907800,TLKM,-0.0491803278688525,0.6624945786334568,96506445.0,2.6413551965363555,0.0646551724137931,2616.0,-0.1131498470948012,0.0231631988092377,-1.8726385542716184,3.3829420964390264,-1,True,0.025272220811545565,Range harga harian sebesar 6.47%; Harga menyimpang -11.31% dari MA 20 hari; Volume z-score mencapai 3.38
2024-04-25,2500.0,2690.0,2500.0,2640.0,49635500,UNVR,0.104602510460251,2.3904724823596117,15592820.0,3.18322792156903,0.0719696969696969,2608.0,0.0122699386503067,0.0337148721926173,3.141941185415259,3.212072646860774,-1,True,0.02393891556425909,Volume 3.2x lebih tinggi dari rata-rata 20 hari; Return harian bergerak 10.46%; Range harga harian sebesar 7.20%; Return z-score mencapai 3.14; Volume z-score mencapai 3.21
2023-06-05,125.0,125.0,125.0,125.0,3172186900,GOTO,-0.1496598639455783,-0.951944432166994,7531703715.0,0.4211778662618302,0.0,114.5,0.0917030567685589,0.0931866118248978,-1.765691611752941,-0.3156827615102222,-1,True,0.02320875961006419,Return harian bergerak -14.97%; Harga menyimpang 9.17% dari MA 20 hari
2024-11-05,4060.0,4300.0,4010.0,4040.0,438639700,ADRO,0.0279898218829517,2.109806062367733,81013685.0,5.41439017370954,0.0717821782178217,3781.0,0.0685003967204443,0.0178451894062769,1.3882470970437155,3.9300835308718782,-1,True,0.022378136749679034,Volume 5.4x lebih tinggi dari rata-rata 20 hari; Range harga harian sebesar 7.18%; Volume z-score mencapai 3.93
2026-03-17,1865.0,2080.0,1865.0,2000.0,50594200,UNVR,0.0781671159029648,3.746439762087922,23290510.0,2.172309666039945,0.1075,2106.5,-0.0505577972940897,0.0413466706080058,2.039228810113795,1.8524974059077528,-1,True,0.02113485239832158,Return harian bergerak 7.82%; Range harga harian sebesar 10.75%; Return z-score mencapai 2.04
2023-10-13,73.0,75.0,66.0,67.0,8916016400,GOTO,-0.0821917808219178,0.2362451891765018,2811607040.0,3.1711459934315718,0.1343283582089552,84.3,-0.2052194543297746,0.0284855268458088,-2.423996212925513,2.770154417257713,-1,True,0.020684315061491043,Volume 3.2x lebih tinggi dari rata-rata 20 hari; Return harian bergerak -8.22%; Range harga harian sebesar 13.43%; Harga menyimpang -20.52% dari MA 20 hari; Return z-score mencapai -2.42; Volume z-score mencapai 2.77
2024-03-13,2610.0,2850.0,2610.0,2850.0,98769200,BRIS,0.0961538461538462,0.3344844824557849,42707855.0,2.31267058483738,0.0842105263157894,2460.0,0.1585365853658536,0.0283949011441926,3.0395157072263523,2.3901794366835416,-1,True,0.020464923587910633,Return harian bergerak 9.62%; Range harga harian sebesar 8.42%; Harga menyimpang 15.85% dari MA 20 hari; Return z-score mencapai 3.04; Volume z-score mencapai 2.39
2025-07-22,3250.0,3270.0,2950.0,2960.0,426088000,ANTM,-0.0721003134796238,0.9119620127635248,166208995.0,2.563567633628974,0.1081081081081081,3003.5,-0.0144831030464458,0.0336410157988525,-2.0482158481459,3.2469163589921477,-1,True,0.020309223053795566,Return harian bergerak -7.21%; Range harga harian sebesar 10.81%; Return z-score mencapai -2.05; Volume z-score mencapai 3.25
2024-07-31,2490.0,2620.0,2490.0,2600.0,93801600,BRIS,0.0483870967741935,5.8542366936544585,29134465.0,3.2196094899975,0.05,2491.5,0.043548063415613,0.0207734897400203,2.2250299131862543,3.399900326563956,-1,True,0.019829098621767405,Volume 3.2x lebih tinggi dari rata-rata 20 hari; Range harga harian sebesar 5.00%; Return z-score mencapai 2.23; Volume z-score mencapai 3.40
2024-05-21,2710.0,2910.0,2700.0,2910.0,44624100,UNVR,0.0777777777777777,5.398729548746039,16585005.0,2.6906292762649158,0.0721649484536082,2597.0,0.1205236811705814,0.0323528360301718,2.083561343442164,2.257940496734213,-1,True,0.019723028312436774,Return harian bergerak 7.78%; Range harga harian sebesar 7.22%; Harga menyimpang 12.05% dari MA 20 hari; Return z-score mencapai 2.08; Volume z-score mencapai 2.26
2024-04-01,2710.0,2720.0,2440.0,2550.0,98265300,BRIS,-0.059040590405904,3.6864188934619735,42943305.0,2.2882565745696564,0.1098039215686274,2605.0,-0.0211132437619961,0.0319902668111355,-1.904026745127944,1.9092322065504612,-1,True,0.01931841055425243,Return harian bergerak -5.90%; Range harga harian sebesar 10.98%
2024-04-16,2740.0,2840.0,2730.0,2810.0,136392000,ADRO,0.0407407407407407,7.899735080324168,47015110.0,2.901024798197856,0.0391459074733096,2677.5,0.0494864612511671,0.0164192499250147,2.317711327321095,2.2719632743257523,-1,True,0.01879974469102552,Return z-score mencapai 2.32; Volume z-score mencapai 2.27
2026-01-29,1960.0,1960.0,1690.0,1860.0,74521700,UNVR,-0.0606060606060605,0.8723762958347361,30562560.0,2.438333045399338,0.1451612903225806,2400.0,-0.225,0.0223465382452187,-1.979833607330644,2.5943482830151896,-1,True,0.018320435579432193,Return harian bergerak -6.06%; Range harga harian sebesar 14.52%; Harga menyimpang -22.50% dari MA 20 hari; Volume z-score mencapai 2.59
2026-03-25,4650.0,4970.0,4650.0,4970.0,389331300,BMRI,0.0507399577167018,0.4158649955978248,168918650.0,2.3048449653131846,0.0643863179074446,5036.5,-0.0132036136205698,0.0259393824158996,2.058397739918882,2.824521303389786,-1,True,0.01805608394929281,Return harian bergerak 5.07%; Range harga harian sebesar 6.44%; Return z-score mencapai 2.06; Volume z-score mencapai 2.82
2023-02-16,1610.0,1705.0,1600.0,1625.0,234454800,BRIS,0.0093167701863354,-0.0723416276836553,52660095.0,4.452228960088279,0.0646153846153846,1383.25,0.1747695644315922,0.0396658478563847,-0.0174297240275382,2.661200383936924,-1,True,0.017829369792068395,Volume 4.5x lebih tinggi dari rata-rata 20 hari; Range harga harian sebesar 6.46%; Harga menyimpang 17.48% dari MA 20 hari; Volume z-score mencapai 2.66
2026-06-10,2790.0,2910.0,2730.0,2880.0,704423000,BBRI,0.032258064516129,-0.1932788718916225,328776680.0,2.1425576777525706,0.0625,2982.5,-0.0343671416596814,0.0322086081742567,1.159122677538178,1.2656522532210908,-1,True,0.016731919619523472,Range harga harian sebesar 6.25%
2024-07-10,50.0,51.0,50.0,50.0,7937139200,GOTO,0.0,22.6204697227612,3017890070.0,2.6300292641209424,0.02,50.5,-0.0099009900990099,0.0160247259050038,0.3448069419521751,1.6450139394984746,-1,True,0.016729497207318977,Kombinasi pergerakan harga dan volume terlihat tidak biasa
2025-05-06,2360.0,2540.0,2360.0,2540.0,333198600,ANTM,0.0948275862068965,1.183220972114018,224889330.0,1.4816114219380707,0.0708661417322834,1983.0,0.280887544125063,0.0556210152519178,1.285752904375763,1.2022069469387235,-1,True,0.016676762877027018,Return harian bergerak 9.48%; Range harga harian sebesar 7.09%; Harga menyimpang 28.09% dari MA 20 hari
2024-11-22,2720.0,2970.0,2690.0,2950.0,55326200,BRIS,0.0966542750929368,0.708268364451498,25055485.0,2.2081472380199387,0.0949152542372881,2887.5,0.0216450216450216,0.0274162760981323,3.5495953831486844,2.819966853106048,-1,True,0.01653604095886063,Return harian bergerak 9.67%; Range harga harian sebesar 9.49%; Return z-score mencapai 3.55; Volume z-score mencapai 2.82
2025-01-15,5475.0,5825.0,5450.0,5750.0,194025700,BMRI,0.0648148148148148,0.9930345478619318,105494060.0,1.8392097147460245,0.0652173913043478,5750.0,0.0,0.0236510937475255,2.862767703130429,1.5814243591618793,-1,True,0.016525318232661457,Return harian bergerak 6.48%; Range harga harian sebesar 6.52%; Return z-score mencapai 2.86
2026-05-19,2460.0,2470.0,2280.0,2330.0,245652700,ADRO,-0.0528455284552845,1.4031600253177683,72005105.0,3.411601163556389,0.0815450643776824,2492.5,-0.0651955867602808,0.0244482887660397,-2.0050255037534197,3.275707968120752,-1,True,0.016329901724890683,Volume 3.4x lebih tinggi dari rata-rata 20 hari; Return harian bergerak -5.28%; Range harga harian sebesar 8.15%; Return z-score mencapai -2.01; Volume z-score mencapai 3.28
2026-01-13,2950.0,3150.0,2930.0,3120.0,301565000,MDKA,0.0795847750865053,0.6891502073033979,84592835.0,3.564900029653812,0.0705128205128205,2429.0,0.2844792095512556,0.0429410498708812,1.4652105097257404,2.96202145882914,-1,True,0.016116547180641927,Volume 3.6x lebih tinggi dari rata-rata 20 hari; Return harian bergerak 7.96%; Range harga harian sebesar 7.05%; Harga menyimpang 28.45% dari MA 20 hari; Volume z-score mencapai 2.96
2023-05-31,1940.0,1945.0,1895.0,1895.0,112564800,ANTM,-0.0231958762886598,4.598901754804823,49215960.0,2.2871605064698524,0.0263852242744063,1996.5,-0.0508389681943401,0.0170800522111074,-1.1223493883910236,2.917176811968233,-1,True,0.015639400048875873,Volume z-score mencapai 2.92
2026-01-08,3810.0,3820.0,3470.0,3490.0,354486100,ANTM,-0.0935064935064935,-0.4163102644177018,198945680.0,1.7818235610846136,0.1002865329512893,3170.0,0.1009463722397476,0.0423397738149839,-2.444042706230126,1.1765447916968137,-1,True,0.015469941200005666,Return harian bergerak -9.35%; Range harga harian sebesar 10.03%; Harga menyimpang 10.09% dari MA 20 hari; Return z-score mencapai -2.44
2023-12-08,97.0,110.0,94.0,108.0,13024490900,GOTO,0.1368421052631578,0.263970724420369,7811017460.0,1.667451259288313,0.1481481481481481,92.35,0.1694639956686519,0.0618973804921952,1.8957176001122675,1.079799590564889,-1,True,0.014935178951252404,Return harian bergerak 13.68%; Range harga harian sebesar 14.81%; Harga menyimpang 16.95% dari MA 20 hari
2025-05-20,2350.0,2430.0,2210.0,2210.0,310118200,ADRO,-0.0474137931034482,-0.101188992544451,102163685.0,3.0355032710497865,0.0995475113122171,1928.5,0.1459683691988592,0.0365956287870589,-1.5940197007078452,2.186520183235856,-1,True,0.014785659550565766,Volume 3.0x lebih tinggi dari rata-rata 20 hari; Range harga harian sebesar 9.95%; Harga menyimpang 14.60% dari MA 20 hari; Volume z-score mencapai 2.19
2025-03-26,3870.0,4020.0,3860.0,4000.0,540888800,BBRI,0.0526315789473683,0.6326949018959154,392223805.0,1.379031035609886,0.04,3745.5,0.0679482045120811,0.0401849731787068,1.2334281827030276,0.7190999787990793,-1,True,0.014645673173407148,Return harian bergerak 5.26%
2026-01-08,2120.0,2250.0,2010.0,2030.0,535722000,ADRO,0.0099502487562188,0.8146448733052549,144254570.0,3.7137263658267465,0.1182266009852216,1869.0,0.0861423220973782,0.0312906781024552,0.123797768234996,3.266703792196575,-1,True,0.014381801586683451,Volume 3.7x lebih tinggi dari rata-rata 20 hari; Range harga harian sebesar 11.82%; Harga menyimpang 8.61% dari MA 20 hari; Volume z-score mencapai 3.27
2025-05-15,5075.0,5400.0,5050.0,5325.0,300147300,BMRI,0.0544554455445545,-0.1235761451720188,196661670.0,1.526211487983398,0.0657276995305164,4863.25,0.0949467948388423,0.0279905465351585,1.8549866797475556,1.104144988754569,-1,True,0.013795012001248996,Return harian bergerak 5.45%; Range harga harian sebesar 6.57%; Harga menyimpang 9.49% dari MA 20 hari
2026-06-15,4300.0,4500.0,4300.0,4500.0,310948900,BMRI,0.0714285714285714,0.2863171280381309,270471915.0,1.1496531904245957,0.0444444444444444,4125.5,0.0907768755302387,0.0351417374271583,1.9181257314300004,0.3266339267620465,-1,True,0.01375872473314299,Return harian bergerak 7.14%; Harga menyimpang 9.08% dari MA 20 hari
2025-05-08,2780.0,2860.0,2600.0,2610.0,522454300,ANTM,-0.0509090909090909,-0.154095918208411,273581350.0,1.9096853641521985,0.0996168582375478,2099.25,0.2433011789924973,0.0442219503826579,-1.8871010439093336,1.9668056728218024,-1,True,0.013701187908636947,Return harian bergerak -5.09%; Range harga harian sebesar 9.96%; Harga menyimpang 24.33% dari MA 20 hari
2025-05-27,2130.0,2300.0,2100.0,2290.0,276927900,ADRO,0.0956937799043062,1.6577237051980185,120496875.0,2.2982164475219795,0.0873362445414847,2007.5,0.1407222914072229,0.0420275838061172,2.018830652870975,1.5556135920902754,-1,True,0.01344048886045257,Return harian bergerak 9.57%; Range harga harian sebesar 8.73%; Harga menyimpang 14.07% dari MA 20 hari; Return z-score mencapai 2.02
2024-01-17,3440.0,3440.0,3310.0,3320.0,30689000,UNVR,-0.0263929618768328,4.23452957631166,8509540.0,3.6064229088763904,0.0391566265060241,3463.0,-0.0412936760034652,0.0118718623771703,-2.006742443526829,3.5895579826497106,-1,True,0.012613762707768927,Volume 3.6x lebih tinggi dari rata-rata 20 hari; Return z-score mencapai -2.01; Volume z-score mencapai 3.59
2025-05-15,79.0,79.0,71.0,73.0,13596210000,GOTO,-0.0759493670886075,0.9683027658048609,3862035715.0,3.5204775417256853,0.1095890410958904,80.95,-0.0982087708462013,0.0286966883259575,-2.567604400867767,3.270734936831853,-1,True,0.01250842788821116,Volume 3.5x lebih tinggi dari rata-rata 20 hari; Return harian bergerak -7.59%; Range harga harian sebesar 10.96%; Harga menyimpang -9.82% dari MA 20 hari; Return z-score mencapai -2.57; Volume z-score mencapai 3.27
2023-12-14,5825.0,6025.0,5800.0,5950.0,171595800,BMRI,0.0393013100436681,0.4128855682886705,65193760.0,2.632089328794658,0.0378151260504201,5858.75,0.0155749946660977,0.0134733892901295,2.894974988515117,2.675729502558077,-1,True,0.01225487790023505,Return z-score mencapai 2.89; Volume z-score mencapai 2.68
2025-02-28,2470.0,2470.0,2350.0,2350.0,249795300,TLKM,-0.0562248995983936,1.814867694221637,126182150.0,1.979640543452461,0.051063829787234,2548.5,-0.0778889542868354,0.0348039613794484,-1.4545349208866856,2.113080562019787,-1,True,0.011890175623735844,Return harian bergerak -5.62%; Range harga harian sebesar 5.11%; Volume z-score mencapai 2.11
2024-09-10,52.0,57.0,52.0,56.0,7341565100,GOTO,0.0566037735849056,4.089454153863133,1828358865.0,4.015385185336688,0.0892857142857142,52.75,0.0616113744075829,0.0190608779149143,2.7659426799898923,3.459080360095483,-1,True,0.011592271049780889,Volume 4.0x lebih tinggi dari rata-rata 20 hari; Return harian bergerak 5.66%; Range harga harian sebesar 8.93%; Return z-score mencapai 2.77; Volume z-score mencapai 3.46
2025-02-27,4930.0,4950.0,4660.0,4660.0,334919800,BMRI,-0.0528455284552845,1.069489714644806,224960230.0,1.4887955973373606,0.0622317596566523,5199.75,-0.1038030674551661,0.030630035694206,-1.3033936802573207,0.876773377064895,-1,True,0.011034953457003338,Return harian bergerak -5.28%; Range harga harian sebesar 6.22%; Harga menyimpang -10.38% dari MA 20 hari
2026-01-28,4600.0,4710.0,4250.0,4420.0,589421400,ANTM,-0.0412147505422993,1.6139244295496664,284648090.0,2.0707021079958765,0.1040723981900452,3900.5,0.1331880528137418,0.0503312153637946,-1.1596399506943444,2.089733058875176,-1,True,0.009950288289233833,Range harga harian sebesar 10.41%; Harga menyimpang 13.32% dari MA 20 hari; Volume z-score mencapai 2.09
2023-11-30,5850.0,5925.0,5825.0,5850.0,117365000,BMRI,0.0,2.1895609920481784,48015685.0,2.4443054389414627,0.017094017094017,5871.25,-0.0036193314881839,0.0085285541918617,0.0458396885811723,3.055834971503508,-1,True,0.009614551244689018,Volume z-score mencapai 3.06
2025-04-14,4650.0,4750.0,4650.0,4750.0,423716000,BMRI,-0.0686274509803921,0.1007969240161852,310423640.0,1.3649604778811304,0.0210526315789473,4768.75,-0.0039318479685452,0.045027058093882,-1.5179961706749785,0.6638838473803291,-1,True,0.009593902736500182,Return harian bergerak -6.86%
2025-09-01,7650.0,8050.0,7600.0,8000.0,421127500,BBCA,-0.0092879256965944,0.780671232430709,130779440.0,3.2201353668435955,0.05625,8442.5,-0.0524133846609416,0.0170070487411492,-0.4460489551334698,2.925240843041804,-1,True,0.009593046423306939,Volume 3.2x lebih tinggi dari rata-rata 20 hari; Range harga harian sebesar 5.62%; Volume z-score mencapai 2.93
2024-11-11,4470.0,4540.0,4370.0,4460.0,507192300,BBRI,-0.0132743362831858,1.5539682531689678,222317105.0,2.281391258670807,0.0381165919282511,4769.5,-0.0648914980605933,0.0105638489889664,-0.8173409844133092,3.329220550941215,-1,True,0.00957318967852172,Volume z-score mencapai 3.33
2023-12-29,2410.0,2430.0,2370.0,2380.0,124776700,ADRO,-0.0775193798449612,0.4798048380153155,45116910.0,2.7656304476525544,0.0252100840336134,2543.5,-0.0642815018675054,0.0234999132135635,-3.1388615793774366,3.171383728166164,-1,True,0.008999864571976546,Return harian bergerak -7.75%; Return z-score mencapai -3.14; Volume z-score mencapai 3.17
2025-03-18,4680.0,4690.0,4300.0,4530.0,387565100,BMRI,-0.032051282051282,1.8561950228752004,205056010.0,1.8900450662236137,0.086092715231788,4840.25,-0.0640979288259904,0.0265850686412781,-0.8720510023775311,1.908358681994832,-1,True,0.008396433624142219,Range harga harian sebesar 8.61%
2025-02-13,1370.0,1420.0,1290.0,1415.0,74244500,UNVR,0.029090909090909,0.5613328566621802,16047225.0,4.626625475744248,0.0918727915194346,1615.25,-0.1239746169323634,0.0291240392877742,1.3184875109676542,3.485100781698155,-1,True,0.00736249355134222,Volume 4.6x lebih tinggi dari rata-rata 20 hari; Range harga harian sebesar 9.19%; Harga menyimpang -12.40% dari MA 20 hari; Volume z-score mencapai 3.49
2023-05-23,2290.0,2290.0,2290.0,2290.0,25791700,ADRO,-0.0691056910569105,-0.8661689802322975,95731735.0,0.269416406168759,0.0,2804.5,-0.1834551613478338,0.0334356428154882,-1.721666052898769,-1.3366150544955937,-1,True,0.0070651901678094875,Return harian bergerak -6.91%; Harga menyimpang -18.35% dari MA 20 hari
2026-06-03,5775.0,5825.0,5525.0,5525.0,353332300,BBCA,-0.0515021459227468,0.0202916387048186,210146940.0,1.681358291488803,0.0542986425339366,5995.0,-0.0783986655546288,0.0226778258768135,-2.118775082524089,0.6547428351033024,-1,True,0.007035348384062834,Return harian bergerak -5.15%; Range harga harian sebesar 5.43%; Return z-score mencapai -2.12
2026-06-04,2320.0,2500.0,2050.0,2490.0,222312600,MDKA,0.0732758620689655,0.2905942318409809,136589690.0,1.627594293537089,0.180722891566265,2668.5,-0.0668915120854412,0.0800353885159164,1.0176157272034194,0.8125470691421656,-1,True,0.006784048479124949,Return harian bergerak 7.33%; Range harga harian sebesar 18.07%
2024-06-10,58.0,59.0,50.0,56.0,12293676100,GOTO,-0.0344827586206896,4.8186647748329445,3650957810.0,3.36724682666218,0.1607142857142857,64.85,-0.1364687740940631,0.0334901153991065,-0.823792778728542,3.1977944272049137,-1,True,0.006657164543786509,Volume 3.4x lebih tinggi dari rata-rata 20 hari; Range harga harian sebesar 16.07%; Harga menyimpang -13.65% dari MA 20 hari; Volume z-score mencapai 3.20
2025-04-08,71.0,73.0,71.0,71.0,5022688100,GOTO,-0.144578313253012,2.1461160686378205,3567795685.0,1.4077846781184165,0.028169014084507,80.9,-0.1223733003708282,0.0486238192951094,-2.9411032913334383,0.7306481313038505,-1,True,0.006283611101430275,Return harian bergerak -14.46%; Harga menyimpang -12.24% dari MA 20 hari; Return z-score mencapai -2.94
2025-03-03,4750.0,4980.0,4700.0,4900.0,257118300,BMRI,0.0652173913043479,-0.4466965226996447,246548845.0,1.042869618797038,0.0571428571428571,5083.5,-0.036097177141733,0.0346522589001147,2.1078238582867685,0.0798989628418264,-1,True,0.006096884323472551,Return harian bergerak 6.52%; Range harga harian sebesar 5.71%; Return z-score mencapai 2.11
2026-06-15,2950.0,3230.0,2950.0,3130.0,378696400,ANTM,0.0982456140350878,1.1663500344662876,250556410.0,1.5114217193645136,0.0894568690095846,2908.5,0.0761560942066357,0.0619042370228871,1.6477930865223993,1.067732697426859,-1,True,0.0060567223602031595,Return harian bergerak 9.82%; Range harga harian sebesar 8.95%
2023-10-12,79.0,80.0,71.0,73.0,7212174800,GOTO,-0.0759493670886075,0.469220525083674,2440264980.0,2.955488383068957,0.1232876712328767,85.35,-0.1446983011130638,0.0238608694065448,-2.8285095567548844,2.830787815585792,-1,True,0.005618504870521068,Return harian bergerak -7.59%; Range harga harian sebesar 12.33%; Harga menyimpang -14.47% dari MA 20 hari; Return z-score mencapai -2.83; Volume z-score mencapai 2.83
2023-02-23,4570.0,4590.0,4290.0,4300.0,122774600,MDKA,-0.0672451193058568,1.4181461508463291,47566515.0,2.581114046299166,0.0697674418604651,4665.5,-0.0783410138248847,0.0217588150481757,-2.844183867530331,3.565537729374156,-1,True,0.005443973062762564,Return harian bergerak -6.72%; Range harga harian sebesar 6.98%; Return z-score mencapai -2.84; Volume z-score mencapai 3.57
2025-02-17,1650.0,1845.0,1610.0,1800.0,128027100,MDKA,0.0909090909090908,0.9869031822520196,47203005.0,2.712265882225083,0.1305555555555555,1570.25,0.1463142811654195,0.0439273918303059,1.9218827419493203,2.9555849351037606,-1,True,0.005133295634039192,Return harian bergerak 9.09%; Range harga harian sebesar 13.06%; Harga menyimpang 14.63% dari MA 20 hari; Volume z-score mencapai 2.96
2025-02-12,1425.0,1445.0,1370.0,1375.0,47552000,UNVR,-0.0350877192982456,2.803825263376823,12666580.0,3.754130949317022,0.0545454545454545,1630.5,-0.1567003986507206,0.028049486276822,-0.882878328618738,3.613000565775575,-1,True,0.004703010048830669,Volume 3.8x lebih tinggi dari rata-rata 20 hari; Range harga harian sebesar 5.45%; Harga menyimpang -15.67% dari MA 20 hari; Volume z-score mencapai 3.61
2023-12-01,100.0,109.0,98.0,109.0,13428030100,GOTO,0.1237113402061855,0.8182153874134661,5503633125.0,2.439848332005233,0.1009174311926605,86.55,0.2593876372039284,0.0474768509224002,2.11249925859798,2.428191912051373,-1,True,0.003346675372109753,Return harian bergerak 12.37%; Range harga harian sebesar 10.09%; Harga menyimpang 25.94% dari MA 20 hari; Return z-score mencapai 2.11; Volume z-score mencapai 2.43
2023-11-17,1545.0,1620.0,1540.0,1605.0,54117200,BRIS,0.0388349514563106,2.910993553609112,12071985.0,4.482875020139605,0.0498442367601246,1508.0,0.0643236074270557,0.0181378609466364,1.982376998633082,3.8195766623550593,-1,True,0.003029792008006904,Volume 4.5x lebih tinggi dari rata-rata 20 hari; Volume z-score mencapai 3.82
2024-12-19,1700.0,1700.0,1550.0,1615.0,83025800,MDKA,-0.0823863636363636,2.704871507681873,38068515.0,2.180957150548163,0.0928792569659442,1914.5,-0.1564377121963959,0.0274311596828093,-2.4988490734938846,1.5367774831294263,-1,True,0.0029277458835264003,Return harian bergerak -8.24%; Range harga harian sebesar 9.29%; Harga menyimpang -15.64% dari MA 20 hari; Return z-score mencapai -2.50
2026-01-06,2500.0,2730.0,2500.0,2700.0,203198800,MDKA,0.0887096774193547,1.0539654301020924,56270360.0,3.611116047595928,0.0851851851851851,2296.0,0.1759581881533101,0.0361995723216967,2.186929437088244,3.137917153145624,-1,True,0.002529421312503999,Volume 3.6x lebih tinggi dari rata-rata 20 hari; Return harian bergerak 8.87%; Range harga harian sebesar 8.52%; Harga menyimpang 17.60% dari MA 20 hari; Return z-score mencapai 2.19; Volume z-score mencapai 3.14
2025-09-08,8025.0,8025.0,7700.0,7700.0,321191900,BBCA,-0.0374999999999999,2.102260302816058,159487130.0,2.013904821034776,0.0422077922077922,8361.25,-0.0790850650321423,0.0180112956885534,-1.882687330436496,1.6111506145743837,-1,True,0.0024081183337744116,Kombinasi pergerakan harga dan volume terlihat tidak biasa
2025-12-18,1900.0,1935.0,1880.0,1900.0,264349900,ADRO,0.0468319559228649,3.7809013453806912,77109385.0,3.428245472324802,0.0289473684210526,1833.5,0.0362694300518134,0.0212799654886994,2.1969206346667702,3.401038359960692,-1,True,0.0022298751898800484,Volume 3.4x lebih tinggi dari rata-rata 20 hari; Return z-score mencapai 2.20; Volume z-score mencapai 3.40
2025-03-10,1600.0,1610.0,1475.0,1490.0,102645500,ANTM,-0.0858895705521471,1.79486202061182,68818070.0,1.491548658658983,0.0906040268456375,1569.25,-0.0505018320853911,0.0347304447279106,-2.595036920545144,1.003023296876805,-1,True,0.002223581120825102,Return harian bergerak -8.59%; Range harga harian sebesar 9.06%; Return z-score mencapai -2.60
2025-06-25,2000.0,2030.0,1800.0,1805.0,128433500,MDKA,-0.0952380952380952,2.307252168852472,81223925.0,1.5812274523793328,0.1274238227146814,2111.5,-0.1451574709921856,0.0389539309944756,-2.313183020976549,1.10491359440541,-1,True,0.0020754956213731024,Return harian bergerak -9.52%; Range harga harian sebesar 12.74%; Harga menyimpang -14.52% dari MA 20 hari; Return z-score mencapai -2.31
2025-12-12,2910.0,3130.0,2900.0,3050.0,304157500,ANTM,0.0553633217993079,2.1937743149803905,97598035.0,3.1164305715786185,0.0754098360655737,2964.5,0.0288412885815483,0.0203054373962221,2.7089105395808164,2.959892822930496,-1,True,0.0017954682163433544,Volume 3.1x lebih tinggi dari rata-rata 20 hari; Return harian bergerak 5.54%; Range harga harian sebesar 7.54%; Return z-score mencapai 2.71; Volume z-score mencapai 2.96
2024-03-27,3610.0,3630.0,3490.0,3490.0,496202800,TLKM,-0.0359116022099447,0.4013607978165781,142256210.0,3.488092365176888,0.0401146131805157,3881.0,-0.1007472300953362,0.0162442694901849,-1.7321868234049518,3.064401432207458,-1,True,0.0016601176800686845,Volume 3.5x lebih tinggi dari rata-rata 20 hari; Harga menyimpang -10.07% dari MA 20 hari; Volume z-score mencapai 3.06
2026-05-06,1655.0,1810.0,1655.0,1805.0,75977100,UNVR,0.1006097560975609,0.7941003534970708,27340635.0,2.7789076588747847,0.0858725761772853,1749.0,0.0320182961692395,0.038342727132664,2.67637238832435,2.531239568732889,-1,True,0.0014976439284791754,Return harian bergerak 10.06%; Range harga harian sebesar 8.59%; Return z-score mencapai 2.68; Volume z-score mencapai 2.53
2026-06-08,1745.0,1745.0,1600.0,1615.0,23520800,BRIS,-0.0849858356940509,1.1331543672854902,20357215.0,1.1554036247099615,0.0897832817337461,1841.0,-0.1227593699076588,0.0393688807887362,-1.965352762326872,0.203081515120069,-1,True,0.0007184177866946806,Return harian bergerak -8.50%; Range harga harian sebesar 8.98%; Harga menyimpang -12.28% dari MA 20 hari
2025-12-15,2170.0,2300.0,2160.0,2290.0,44711900,BRIS,0.0601851851851851,0.7439086700287454,14982405.0,2.984293910089869,0.0611353711790393,2348.0,-0.024701873935264,0.0186765810953983,3.426748631443997,3.263045182608192,-1,True,0.0005397177335262349,Return harian bergerak 6.02%; Range harga harian sebesar 6.11%; Return z-score mencapai 3.43; Volume z-score mencapai 3.26
2026-02-02,2960.0,3020.0,2730.0,2730.0,115937900,MDKA,-0.1495327102803738,-0.2128340118355408,155023355.0,0.747873763924152,0.1062271062271062,3017.5,-0.0952775476387738,0.0578328731669893,-2.75148994692286,-0.6445424182557762,-1,True,0.0003645520396915458,Return harian bergerak -14.95%; Range harga harian sebesar 10.62%; Harga menyimpang -9.53% dari MA 20 hari; Return z-score mencapai -2.75
